ID No,ID0000,ID0001,ID0002,ID0003,ID0004,ID0005,ID0100,ID0101,ID0102,ID0200,ID0201,ID0202,ID0300,ID0301,ID1000,ID2000,ID2001,ID3000,ID3001,ID4000,ID4001
Description,Sulfuric Acid Usage,Threshold Inhibitor Usage,Feed EC,Feed TOC,Feed Temperature,Feed pH,S1 Feed Pressure,S1 Feed Flow Rate,S1 Permeate Flow Rate,S2 Feed Pressure,S2 Feed Flow Rate,S2 Permeate Flow Rate,S3 Feed Flow Rate,S3 Permeate Flow Rate,S1 Permeate EC,S2 Feed EC,S2 Permeate EC,S3 Feed EC,S3 Permeate EC,Permeate Combined EC,Permeate TOC
SeedMode,0,0,1,1,1,1,1,1,1,1,1,1,1,1,2,2,2,2,2,2,2
tag ID,Sulfric Acid Usage,Threshold Inhibitor Usage,RO_Feed Cond,RO_Feed TOC,RO_Feed Temperature,RO_Feed Ph,RO_B01 FW Press,S1 Feed Flow Rate,RO_B01 Blank 1 Perm Flow,RO_B01 FW B2 Press,S2 Feed Flow Rate_calc,RO_B01 Blank 2 Perm Flow,S3 Feed Flow Rate_calc,RO_B01 Blank 3 Perm Flow,RO_B01 Blank 1 Perm Cond,S2 Feed EC_calc,RO_B01 Blank 2 Perm Cond,S3 Feed EC_calc,RO_B01 Blank 3 Perm Cond,RO_B01 Perm Cond,RO_Permeat TOC
cost,248,2620,,,,,,,,,,,,,,,,,,,
min,0.1,0.02,,,,,,,,,,,,,0,0,0,0,0,0,0
max,0.8,0.08,,,,,,,,,,,,,95,4000,200,20000,330,50,0.15
diff_min,-0.1,-0.25,,,,,,,,,,,,,,,,,,,
diff_max,0.1,0.25,,,,,,,,,,,,,,,,,,,
