﻿TagID,TagID2,Description,Measurement Units,Process Location,Folder location,Comments,"Note with folder location, you will have to add the domain ahead of the unzipped structure."
t_stamp,MajorityExports,Date Time axis used in a majority of exports,Date Time,All,-,All,
AI_10209,Val,UF Feed Turbidity,NTU,Feed,\Pretreatment,,
FCV_11250_PIDE,Val_CVOut,Feed Flow Control Valve % Open,%,Feed,\Pretreatment,,
FI_11232,Val,Raw Water Flow,gpm,Feed,\Pretreatment,,
LI_14060,Val,UF Feed Tank Level,%,Feed,\Pretreatment,,
AIT_40004,Val,RO Feed Free Chlorine,mg/L Cl2,RO,\RO,,
AIT_40006,Val,RO Feed Conductivity,µS/cm,RO,\RO,,
AIT_40008,Val,RO Feed pH,-,RO,\RO,,
AIT_40010,Val,RO Feed TOC,mg/L,RO,\RO,,
AIT_41092,Val,RO Stage 1 Permeate Conductivity,µS/cm,RO,\RO,,
AIT_41292,Val,RO Stage 2 Permeate Conductivity,µS/cm,RO,\RO,,
AIT_41392,Val,RO Stage 3 Permeate Conductivity,µS/cm,RO,\RO,,
AIT_41810,Val,RO Combined Permeate TOC,mg/L,RO,\RO,,
AIT_41892,Val,RO Combined Permeate Conductivity,µS/cm,RO,\RO,,
FIT_41074,Val,RO Stage 1 Permeate Flow,gpm,RO,\RO,,
FIT_41274,Val,RO Stage 2 Permeate Flow,gpm,RO,\RO,,
FIT_41374,Val,RO Stage 3 Permeate Flow,gpm,RO,\RO,,
FIT_41974,Val,RO Stage 3 Concetrate Flow,gpm,RO,\RO,,
PT_41095,Val,RO Stage 1 Feed Pressure,psi,RO,\RO,,
AIT_40005,Val,RO Feed ORP,mV,RO,\RO,,
PT_41245,Val,RO Stage 2 Feed Pressure,psi,RO,\RO,,
PT_41345,Val,RO Stage 2 Concentrate Pressure,psi,RO,\RO,,
PT_41347,Val,RO Stage 3 Feed Pressure,psi,RO,\RO,,
PT_41945,Val,RO Stage 3 Concentrate Pressure,psi,RO,\RO,,
RO_01_FirstStageFeedFlow,Val,RO Feed Flow,gpm,RO,\RO,"This is a calculated tag (sum of all permeate flows and concentrate flow, not a  directly measured value.",
TIT_40005,Val,RO Feed Temperature,F,RO,\RO,,
S1PP,PP,RO Stage 1 permeate pressure,psi,RO,\RO Permeate Pressures,"Not a tag, one daily reading from logsheets. Typically stays consistent as the system is constant flow and backpressure is largely due to manual valves and pipework",
S2PP,PP,RO Stage 2 permeate pressure,psi,RO,\RO Permeate Pressures,"Not a tag, one daily reading from logsheets. Typically stays consistent as the system is constant flow and backpressure is largely due to manual valves and pipework",
S3PP,PP,RO combined permeate pressure/stage 3 permeate pressure,psi,RO,\RO Permeate Pressures,"Not a tag, one daily reading from logsheets. Typically stays consistent as the system is constant flow and backpressure is largely due to manual valves and pipework",
AI_31090,Val,UF Filtrate pH,dimensionless,UF,\Pretreatment,Also duplicated in UF exports,
AI_31093,Val,UF Filtrate ORP,mV,UF,\Pretreatment,Also duplicated in UF exports,
AI_31094,Val,UF Filtrate Total Chlorine,mg/L Cl2,UF,\Pretreatment,Also duplicated in UF exports,
AI_36210,Val,UF Filtrate Ammonia,mg/L N,UF,\Pretreatment,Also duplicated in UF exports,
LI_36260,Val,UF Filtrate Tank Level,%,UF,\UF1\Ops,Note this is feed pressure provided by the common filtrate tank to all three Ufs. Tag is duplicated in each UF export,
PI_10259,Val,UF Feed Pressure,psi,UF,\UF1\Ops,"Note this is feed pressure provided by the common feed pump to all three Ufs. i.e. will be in each folder UF1, UF2, UF3 CSV This is further regulated by an individual control valve on each UF system, tag is duplicated in each UF export",
TI_14078,Val,UF Feed Temperature,F,UF,\Pretreatment,Also duplicated in UF exports,
AI_31009_1,Val,UF 1 Filtrate Turbidity,mNTU,UF 1,\UF1\Ops,,
FI_31032_1,Val,UF 1 Feed Flow,gpm,UF 1,\UF1\Ops,,
FV_31099_1,Val_Sts,UF 1 Filtrate Valve,integer,UF 1,\UF1\Ops,"2 = open, 1 = closed",
FV_31201_1,Val_Sts,UF 1 Backwash Valve,integer,UF 1,\UF1\Ops,"2 = open, 1 = closed",
FV_31401_1,Val_Sts,UF 1 Feed Drain Valve,integer,UF 1,\UF1\Ops,"2 = open, 1 = closed",
FV_31452_1,Val_Sts,UF 1 CIP Filtrate Valve,integer,UF 1,\UF1\Ops,"2 = open, 1 = closed",
FV_31499_1,Val_Sts,UF 1 CIP Feed Valve,integer,UF 1,\UF1\Ops,"2 = open, 1 = closed",
PI_31045_1,Val,UF 1 Feed Pressure,psi,UF 1,\UF1\Ops,,
PI_31059_1,Val,UF 1 Filtrate Pressure,psi,UF 1,\UF1\Ops,,
U_UF_LRV_01,EndPressure,UF 1 PDT End Pressure,psi,UF 1,\UF1\PDT,,
U_UF_LRV_01,LRV,UF 1 PDT LRV,dimensionless,UF 1,\UF1\PDT,,
U_UF_LRV_01,PressureChangeRate,UF 1 Pressure Decay Rate,psi/min,UF 1,\UF1\PDT,,
U_UF_LRV_01,StartPressure,UF 1 Start Pressure,psi,UF 1,\UF1\PDT,,
U_UF_LRV_01,Temperature,UF 1 Temperature During PDT,F,UF 1,\UF1\PDT,,
UF_01_DrivingPressure,Val,UF 1 TMP,psi,UF 1,\UF1\Ops,Can be calculated from pressure data,
UF_01_Flux,Val,UF 1 Flux,gfd,UF 1,\UF1\Ops,Can be calculated from flow data,
UF_01_Permeability,Val,UF 1 Permeability,gfd/psi,UF 1,\UF1\Ops,Can be calculated from flow and pressure data,
UF_01_TCDrivingPressure,Val,UF 1 Temperature Corrected TMP,psi @ 20°C,UF 1,\UF1\Ops,Can be calculated from pressure and temperature data,
UF_01_TCFlux,Val,UF 1 Temperature Corrected Flux,gfd @ 20°C,UF 1,\UF1\Ops,Can be calculated from flow and temperature data,
UF_01_TCPermeability,Val,UF 1 Temperature Corrected Permeability,gfd/psi @ 20°C,UF 1,\UF1\Ops,"Can be calculated from flow, pressure and temperature data.",
Status,UF1Status,UF1 Status,integer,UF 1,\UF1\Status,"0 = Unknown, 1 = Fault, 2 = Offline, 3= Standby, 4 = Production, 5 = Backwash, 6 = Maintenance Clean, 7 = Recovery Clean, 8 = Membrane Integrity Test/PDT",Note most recovery cleans will appear as maintenance cleans but will last for approx 3 hours instead of 30 minutes (for a maintenance clean)
AI_31009_2,Val,UF 2 Filtrate Turbidity,mNTU,UF 2,\UF2\Ops,,
FI_31032_2,Val,UF 2 Feed Flow,gpm,UF 2,\UF2\Ops,,
FV_31099_2,Val_Sts,UF 2 Filtrate Valve,integer,UF 2,\UF2\Ops,"2 = open, 1 = closed",
FV_31201_2,Val_Sts,UF 2 Backwash Valve,integer,UF 2,\UF2\Ops,"2 = open, 1 = closed",
FV_31401_2,Val_Sts,UF 2 Feed Drain Valve,integer,UF 2,\UF2\Ops,"2 = open, 1 = closed",
FV_31452_2,Val_Sts,UF 2 CIP Filtrate Valve,integer,UF 2,\UF2\Ops,"2 = open, 1 = closed",
FV_31499_2,Val_Sts,UF 2 CIP Feed Valve,integer,UF 2,\UF2\Ops,"2 = open, 1 = closed",
PI_31045_2,Val,UF 2 Feed Pressure,psi,UF 2,\UF2\Ops,,
PI_31059_2,Val,UF 2 Filtrate Pressure,psi,UF 2,\UF2\Ops,,
U_UF_LRV_02,EndPressure,UF 2 PDT End Pressure,psi,UF 2,\UF2\Ops,,
U_UF_LRV_02,LRV,UF 2 PDT LRV,dimensionless,UF 2,\UF2\Ops,,
U_UF_LRV_02,PressureChangeRate,UF 2 Pressure Decay Rate,psi/min,UF 2,\UF2\Ops,,
U_UF_LRV_02,StartPressure,UF 2 Start Pressure,psi,UF 2,\UF2\Ops,,
U_UF_LRV_02,Temperature,UF 2 Temperature During PDT,F,UF 2,\UF2\Ops,,
UF_02_DrivingPressure,Val,UF 2 TMP,psi,UF 2,\UF2\Ops,,
UF_02_Flux,Val,UF 2 Flux,gfd,UF 2,\UF2\Ops,,
UF_02_Permeability,Val,UF 2 Permeability,gfd/psi,UF 2,\UF2\Ops,,
UF_02_TCDrivingPressure,Val,UF 2 Temperature Corrected TMP,psi @ 20°C,UF 2,\UF2\Ops,,
UF_02_TCFlux,Val,UF 2 Temperature Corrected Flux,gfd @ 20°C,UF 2,\UF2\Ops,,
UF_02_TCPermeability,Val,UF 2 Temperature Corrected Permeability,gfd/psi @ 20°C,UF 2,\UF2\Ops,,
Status,UF2Status,UF2 Status,integer,UF 2,\UF2\Status,"0 = Unknown, 1 = Fault, 2 = Offline, 3= Standby, 4 = Production, 5 = Backwash, 6 = Maintenance Clean, 7 = Recovery Clean, 8 = Membrane Integrity Test/PDT",Note most recovery cleans will appear as maintenance cleans but will last for approx 3 hours instead of 30 minutes (for a maintenance clean)
AI_31009_3,Val,UF 3 Filtrate Turbidity,mNTU,UF 3,\UF3\Ops,,
FI_31032_3,Val,UF 3 Feed Flow,gpm,UF 3,\UF3\Ops,,
FI_36074,Val,UF Backwash Flow,gpm,All UF,\UF1\Ops,Note this is flow provided by the common backwash pump to all three Ufs. Tag is duplicated in each UF export,
FV_31099_3,Val_Sts,UF 3 Filtrate Valve,integer,UF 3,\UF3\Ops,"2 = open, 1 = closed",
FV_31201_3,Val_Sts,UF 3 Backwash Valve,integer,UF 3,\UF3\Ops,"2 = open, 1 = closed",
FV_31401_3,Val_Sts,UF 3 Feed Drain Valve,integer,UF 3,\UF3\Ops,"2 = open, 1 = closed",
FV_31452_3,Val_Sts,UF 3 CIP Filtrate Valve,integer,UF 3,\UF3\Ops,"2 = open, 1 = closed",
FV_31499_3,Val_Sts,UF 3 CIP Feed Valve,integer,UF 3,\UF3\Ops,"2 = open, 1 = closed",
PI_31045_3,Val,UF 3 Feed Pressure,psi,UF 3,\UF3\Ops,,
PI_31059_3,Val,UF 3 Filtrate Pressure,psi,UF 3,\UF3\Ops,,
U_UF_LRV_03,EndPressure,UF 3 PDT End Pressure,psi,UF 3,\UF3\Ops,,
U_UF_LRV_03,LRV,UF 3 PDT LRV,dimensionless,UF 3,\UF3\Ops,,
U_UF_LRV_03,PressureChangeRate,UF 3 Pressure Decay Rate,psi/min,UF 3,\UF3\Ops,,
U_UF_LRV_03,StartPressure,UF 3 Start Pressure,psi,UF 3,\UF3\Ops,,
U_UF_LRV_03,Temperature,UF 3 Temperature During PDT,F,UF 3,\UF3\Ops,,
UF_03_DrivingPressure,Val,UF 3 TMP,psi,UF 3,\UF3\Ops,Can be calculated from pressure data,
UF_03_Flux,Val,UF 3 Flux,gfd,UF 3,\UF3\Ops,Can be calculated from flow data,
UF_03_Permeability,Val,UF 3 Permeability,gfd/psi,UF 3,\UF3\Ops,Can be calculated from flow and pressure data,
UF_03_TCDrivingPressure,Val,UF 3 Temperature Corrected TMP,psi @ 20°C,UF 3,\UF3\Ops,Can be calculated from pressure and temperature data,
UF_03_TCFlux,Val,UF 3 Temperature Corrected Flux,gfd @ 20°C,UF 3,\UF3\Ops,Can be calculated from flow and temperature data,
UF_03_TCPermeability,Val,UF 3 Temperature Corrected Permeability,gfd/psi @ 20°C,UF 3,\UF3\Ops,"Can be calculated from flow, pressure and temperature data.",
Status,UF3Status,UF3 Status,integer,UF 3,\UF2\Status,"0 = Unknown, 1 = Fault, 2 = Offline, 3= Standby, 4 = Production, 5 = Backwash, 6 = Maintenance Clean, 7 = Recovery Clean, 8 = Membrane Integrity Test/PDT",Note most recovery cleans will appear as maintenance cleans but will last for approx 3 hours instead of 30 minutes (for a maintenance clean)
FI_37032,Val,UF CIP Recirc Flow,gpm,UF CIP,\UF3\Ops,Note this is CIP recirc flow provided by the common CIPR pump to all three Ufs. Tag is duplicated in each UF export,
LI_37260,Val,UF CIP Tank Level,%,UF CIP,\UF1\Ops,Note this is CIP tank level provided by the common to all three Ufs. Tag is duplicated in each UF export,
TI_37278,Val,UF CIP tank temperature,F,UF CIP,\UF1\Ops,Note this is CIP temperature common to all three Ufs. Tag is duplicated in each UF export,
AI_FC_IN_UV,Val,UV Inlet Free Chlorine,mg/L Cl2,UV,\UV,,
AI_FC_OUT_UV,Val,UV Outlet Free Chlorine,mg/L Cl2,UV,\UV,,
AI_PH_IN_UV,Val,UV Inlet pH,dimensionless,UV,\UV,,
AI_TC_IN_UV,Val,UV Inlet Total Chlorine,mg/L Cl2,UV,\UV,,
AI_TC_OUT_UV,Val,UV Outlet Total Chlorine,mg/L Cl2,UV,\UV,,
AI_UV_DOSE,Val,UV Dose,mJ/cm2,UV,\UV,,
AI_UV_IN_UV,Val,UV Inlet UVT,%,UV,\UV,,
AI_UV_INT,Val,UV Intensity,mW/cm2,UV,\UV,,
AI_UV_OUT_UV,Val,UV Outlet UVT,%,UV,\UV,,
FI_UV_IN,Val,UV Inlet Flow,gpm,UV,\UV,,
UV_Lamp_Power,Val,UV Lamp Power,%,UV,\UV,System was set with dose targets and flow pairing so that it should run at constant 50% power most of the time,
UV_Running,Val,UV status indicator,integer,UV,\UV,Not a reliable or useful tag.,
U_UF_BW_01_After,Flux,UF1 Flux After a Backwash,gfd,UF1,\UF1\Cleaning,This is an event based tag that can be used to determine backwash effectiveness.,
U_UF_BW_01_After,TCFlux,UF1 Flux Temperature Corrected After a Backwash,gfd @ 20°C,UF1,\UF1\Cleaning,This is an event based tag that can be used to determine backwash effectiveness.,
U_UF_BW_01_After,Permeability,UF1 Permeability after a backwash,gfd/psi,UF1,\UF1\Cleaning,This is an event based tag that can be used to determine backwash effectiveness.,
U_UF_BW_01_After,TCPermeability,UF1 Permeability temperature corrected after a backwash,gfd/psi @ 20°C,UF1,\UF1\Cleaning,This is an event based tag that can be used to determine backwash effectiveness.,
U_UF_BW_01_After,DrivingPressure,UF1 TMP after a backwash,psi,UF1,\UF1\Cleaning,This is an event based tag that can be used to determine backwash effectiveness.,
U_UF_BW_01_After,TCDrivingPressure,UF1 TMP temperature corrected after a backwash,psi @ 20°C,UF1,\UF1\Cleaning,This is an event based tag that can be used to determine backwash effectiveness.,
U_UF_BW_01_Before,Flux,UF1 Flux Before a Backwash,gfd,UF1,\UF1\Cleaning,This is an event based tag that can be used to determine backwash effectiveness.,
U_UF_BW_01_Before,TCFlux,UF1 Flux Temperature Corrected Before a Backwash,gfd @ 20°C,UF1,\UF1\Cleaning,This is an event based tag that can be used to determine backwash effectiveness.,
U_UF_BW_01_Before,Permeability,UF1 Permeability Before a backwash,gfd/psi,UF1,\UF1\Cleaning,This is an event based tag that can be used to determine backwash effectiveness.,
U_UF_BW_01_Before,TCPermeability,UF1 Permeability temperature corrected before a backwash,gfd/psi @ 20°C,UF1,\UF1\Cleaning,This is an event based tag that can be used to determine backwash effectiveness.,
U_UF_BW_01_Before,DrivingPressure,UF1 TMP Before a backwash,psi,UF1,\UF1\Cleaning,This is an event based tag that can be used to determine backwash effectiveness.,
U_UF_BW_01_Before,TCDrivingPressure,UF1 TMP temperature corrected before a backwash,psi @ 20°C,UF1,\UF1\Cleaning,This is an event based tag that can be used to determine backwash effectiveness.,
U_UF_Performance_01,IsMC,UF1 MC indicator,integer,UF1,\UF1\Cleaning,This is a status indicator that should take the value of 1 if the before and after permeabilities etc are around a maintenance clean. This tag doesn’t work reliably.,
U_UF_BW_01_During,Flux,UF1 Flux During a Backwash,gfd,UF1,\UF1\Cleaning,This is an event based tag that can be used to determine backwash effectiveness.,
U_UF_BW_01_During,TCFlux,UF1 Flux Temperature Corrected During a Backwash,gfd @ 20°C,UF1,\UF1\Cleaning,This is an event based tag that can be used to determine backwash effectiveness.,
U_UF_BW_01_During,Permeability,UF1 Permeability During a backwash,gfd/psi,UF1,\UF1\Cleaning,This is an event based tag that can be used to determine backwash effectiveness.,
U_UF_BW_01_During,TCPermeability,UF1 Permeability temperature corrected During a backwash,gfd/psi @ 20°C,UF1,\UF1\Cleaning,This is an event based tag that can be used to determine backwash effectiveness.,
U_UF_BW_01_During,DrivingPressure,UF1 TMP During a backwash,psi,UF1,\UF1\Cleaning,This is an event based tag that can be used to determine backwash effectiveness.,
U_UF_BW_01_During,TCDrivingPressure,UF1 TMP temperature corrected During a backwash,psi @ 20°C,UF1,\UF1\Cleaning,This is an event based tag that can be used to determine backwash effectiveness.,
U_UF_BW_02_After,Flux,UF2 Flux After a Backwash,gfd,UF2,\UF2\Cleaning,This is an event based tag that can be used to determine backwash effectiveness.,
U_UF_BW_02_After,TCFlux,UF2 Flux Temperature Corrected After a Backwash,gfd @ 20°C,UF2,\UF2\Cleaning,This is an event based tag that can be used to determine backwash effectiveness.,
U_UF_BW_02_After,Permeability,UF2 Permeability after a backwash,gfd/psi,UF2,\UF2\Cleaning,This is an event based tag that can be used to determine backwash effectiveness.,
U_UF_BW_02_After,TCPermeability,UF2 Permeability temperature corrected after a backwash,gfd/psi @ 20°C,UF2,\UF2\Cleaning,This is an event based tag that can be used to determine backwash effectiveness.,
U_UF_BW_02_After,DrivingPressure,UF2 TMP after a backwash,psi,UF2,\UF2\Cleaning,This is an event based tag that can be used to determine backwash effectiveness.,
U_UF_BW_02_After,TCDrivingPressure,UF2 TMP temperature corrected after a backwash,psi @ 20°C,UF2,\UF2\Cleaning,This is an event based tag that can be used to determine backwash effectiveness.,
U_UF_BW_02_Before,Flux,UF2 Flux Before a Backwash,gfd,UF2,\UF2\Cleaning,This is an event based tag that can be used to determine backwash effectiveness.,
U_UF_BW_02_Before,TCFlux,UF2 Flux Temperature Corrected Before a Backwash,gfd @ 20°C,UF2,\UF2\Cleaning,This is an event based tag that can be used to determine backwash effectiveness.,
U_UF_BW_02_Before,Permeability,UF2 Permeability Before a backwash,gfd/psi,UF2,\UF2\Cleaning,This is an event based tag that can be used to determine backwash effectiveness.,
U_UF_BW_02_Before,TCPermeability,UF2 Permeability temperature corrected before a backwash,gfd/psi @ 20°C,UF2,\UF2\Cleaning,This is an event based tag that can be used to determine backwash effectiveness.,
U_UF_BW_02_Before,DrivingPressure,UF2 TMP Before a backwash,psi,UF2,\UF2\Cleaning,This is an event based tag that can be used to determine backwash effectiveness.,
U_UF_BW_02_Before,TCDrivingPressure,UF2 TMP temperature corrected before a backwash,psi @ 20°C,UF2,\UF2\Cleaning,This is an event based tag that can be used to determine backwash effectiveness.,
U_UF_Performance_02,IsMC,UF2 MC indicator,integer,UF2,\UF2\Cleaning,This is a status indicator that should take the value of 1 if the before and after permeabilities etc are around a maintenance clean. This tag doesn’t work reliably.,
U_UF_BW_02_During,Flux,UF2 Flux During a Backwash,gfd,UF2,\UF2\Cleaning,This is an event based tag that can be used to determine backwash effectiveness.,
U_UF_BW_02_During,TCFlux,UF2 Flux Temperature Corrected During a Backwash,gfd @ 20°C,UF2,\UF2\Cleaning,This is an event based tag that can be used to determine backwash effectiveness.,
U_UF_BW_02_During,Permeability,UF2 Permeability During a backwash,gfd/psi,UF2,\UF2\Cleaning,This is an event based tag that can be used to determine backwash effectiveness.,
U_UF_BW_02_During,TCPermeability,UF2 Permeability temperature corrected During a backwash,gfd/psi @ 20°C,UF2,\UF2\Cleaning,This is an event based tag that can be used to determine backwash effectiveness.,
U_UF_BW_02_During,DrivingPressure,UF2 TMP During a backwash,psi,UF2,\UF2\Cleaning,This is an event based tag that can be used to determine backwash effectiveness.,
U_UF_BW_02_During,TCDrivingPressure,UF2 TMP temperature corrected During a backwash,psi @ 20°C,UF2,\UF2\Cleaning,This is an event based tag that can be used to determine backwash effectiveness.,
U_UF_BW_03_After,Flux,UF3 Flux After a Backwash,gfd,UF3,\UF3\Cleaning,This is an event based tag that can be used to determine backwash effectiveness.,
U_UF_BW_03_After,TCFlux,UF3 Flux Temperature Corrected After a Backwash,gfd @ 20°C,UF3,\UF3\Cleaning,This is an event based tag that can be used to determine backwash effectiveness.,
U_UF_BW_03_After,Permeability,UF3 Permeability after a backwash,gfd/psi,UF3,\UF3\Cleaning,This is an event based tag that can be used to determine backwash effectiveness.,
U_UF_BW_03_After,TCPermeability,UF3 Permeability temperature corrected after a backwash,gfd/psi @ 20°C,UF3,\UF3\Cleaning,This is an event based tag that can be used to determine backwash effectiveness.,
U_UF_BW_03_After,DrivingPressure,UF3 TMP after a backwash,psi,UF3,\UF3\Cleaning,This is an event based tag that can be used to determine backwash effectiveness.,
U_UF_BW_03_After,TCDrivingPressure,UF3 TMP temperature corrected after a backwash,psi @ 20°C,UF3,\UF3\Cleaning,This is an event based tag that can be used to determine backwash effectiveness.,
U_UF_BW_03_Before,Flux,UF3 Flux Before a Backwash,gfd,UF3,\UF3\Cleaning,This is an event based tag that can be used to determine backwash effectiveness.,
U_UF_BW_03_Before,TCFlux,UF3 Flux Temperature Corrected Before a Backwash,gfd @ 20°C,UF3,\UF3\Cleaning,This is an event based tag that can be used to determine backwash effectiveness.,
U_UF_BW_03_Before,Permeability,UF3 Permeability Before a backwash,gfd/psi,UF3,\UF3\Cleaning,This is an event based tag that can be used to determine backwash effectiveness.,
U_UF_BW_03_Before,TCPermeability,UF3 Permeability temperature corrected before a backwash,gfd/psi @ 20°C,UF3,\UF3\Cleaning,This is an event based tag that can be used to determine backwash effectiveness.,
U_UF_BW_03_Before,DrivingPressure,UF3 TMP Before a backwash,psi,UF3,\UF3\Cleaning,This is an event based tag that can be used to determine backwash effectiveness.,
U_UF_BW_03_Before,TCDrivingPressure,UF3 TMP temperature corrected before a backwash,psi @ 20°C,UF3,\UF3\Cleaning,This is an event based tag that can be used to determine backwash effectiveness.,
U_UF_Performance_03,IsMC,UF3 MC indicator,integer,UF3,\UF3\Cleaning,This is a status indicator that should take the value of 1 if the before and after permeabilities etc are around a maintenance clean. This tag doesn’t work reliably.,
U_UF_BW_03_During,Flux,UF3 Flux During a Backwash,gfd,UF3,\UF3\Cleaning,This is an event based tag that can be used to determine backwash effectiveness.,
U_UF_BW_03_During,TCFlux,UF3 Flux Temperature Corrected During a Backwash,gfd @ 20°C,UF3,\UF3\Cleaning,This is an event based tag that can be used to determine backwash effectiveness.,
U_UF_BW_03_During,Permeability,UF3 Permeability During a backwash,gfd/psi,UF3,\UF3\Cleaning,This is an event based tag that can be used to determine backwash effectiveness.,
U_UF_BW_03_During,TCPermeability,UF3 Permeability temperature corrected During a backwash,gfd/psi @ 20°C,UF3,\UF3\Cleaning,This is an event based tag that can be used to determine backwash effectiveness.,
U_UF_BW_03_During,DrivingPressure,UF3 TMP During a backwash,psi,UF3,\UF3\Cleaning,This is an event based tag that can be used to determine backwash effectiveness.,
U_UF_BW_03_During,TCDrivingPressure,UF3 TMP temperature corrected During a backwash,psi @ 20°C,UF3,\UF3\Cleaning,This is an event based tag that can be used to determine backwash effectiveness.,
Datetime,StatusProductionExports,Date Time axis used in status and production exports,Date Time,All,-,Note this is a time date tag for the status and production sets.,
Feed Total,FeedTotal,UF1 Totalized Daily Feed Volume,kgal,UF1,\UF1\Production,Sometimes the totalizer is unreliable and sums very high numbers after a period of low numbers. Note the date time axis for this data is only month/day. You will have to pull the year from the file name (first 4 numbers) if needed,
Product Total,ProductTotal,UF1 Totalized Daily Filtrate Volume,kgal,UF1,\UF1\Production,Sometimes the totalizer is unreliable and sums very high numbers after a period of low numbers. Note the date time axis for this data is only month/day. You will have to pull the year from the file name (first 4 numbers) if needed,
Reject Total,RejectTotal,UF1 Totalized Daily Waste Volume,kgal,UF1,\UF1\Production,Sometimes the totalizer is unreliable and sums very high numbers after a period of low numbers. Note the date time axis for this data is only month/day. You will have to pull the year from the file name (first 4 numbers) if needed,
Feed Total,FeedTotal,UF2 Totalized Daily Feed Volume,kgal,UF2,\UF2\Production,Sometimes the totalizer is unreliable and sums very high numbers after a period of low numbers. Note the date time axis for this data is only month/day. You will have to pull the year from the file name (first 4 numbers) if needed,
Product Total,ProductTotal,UF2 Totalized Daily Filtrate Volume,kgal,UF2,\UF2\Production,Sometimes the totalizer is unreliable and sums very high numbers after a period of low numbers. Note the date time axis for this data is only month/day. You will have to pull the year from the file name (first 4 numbers) if needed,
Reject Total,RejectTotal,UF2 Totalized Daily Waste Volume,kgal,UF2,\UF2\Production,Sometimes the totalizer is unreliable and sums very high numbers after a period of low numbers. Note the date time axis for this data is only month/day. You will have to pull the year from the file name (first 4 numbers) if needed,
Feed Total,FeedTotal,UF3 Totalized Daily Feed Volume,kgal,UF3,\UF3\Production,Sometimes the totalizer is unreliable and sums very high numbers after a period of low numbers. Note the date time axis for this data is only month/day. You will have to pull the year from the file name (first 4 numbers) if needed,
Product Total,ProductTotal,UF3 Totalized Daily Filtrate Volume,kgal,UF3,\UF3\Production,Sometimes the totalizer is unreliable and sums very high numbers after a period of low numbers. Note the date time axis for this data is only month/day. You will have to pull the year from the file name (first 4 numbers) if needed,
Reject Total,RejectTotal,UF3 Totalized Daily Waste Volume,kgal,UF3,\UF3\Production,Sometimes the totalizer is unreliable and sums very high numbers after a period of low numbers. Note the date time axis for this data is only month/day. You will have to pull the year from the file name (first 4 numbers) if needed,
Status,ROStatus,RO Status,integer,RO,\RO Status,"0 = Unknown, 1 = Fault, 2 = Offline, 3 = Standby, 4 = Production, 5 = CIP, 6 = Rinse","Note, status tag 5 does not get triggered during a CIP as the CIP is manual."
Feed Total,RejectTotal,RO Totalized Daily Feed Volume,kgal,RO,\RO Production,Sometimes the totalizer is unreliable and sums very high numbers after a period of low numbers. Note the date time axis for this data is only month/day. You will have to pull the year from the file name (first 4 numbers) if needed,
Product Total,FeedTotal,RO Totalized Daily Filtrate Volume,kgal,RO,\RO Production,Sometimes the totalizer is unreliable and sums very high numbers after a period of low numbers. Note the date time axis for this data is only month/day. You will have to pull the year from the file name (first 4 numbers) if needed,
Reject Total,ProductTotal,RO Totalized Daily Waste Volume,kgal,RO,\RO Production,Sometimes the totalizer is unreliable and sums very high numbers after a period of low numbers. Note the date time axis for this data is only month/day. You will have to pull the year from the file name (first 4 numbers) if needed,
