ID No,ID0000,ID0001,ID0002,ID0003,ID0004,ID0100,ID0101,ID0102,ID0200,ID0201,ID0300,ID0301,ID1000,ID2000,ID2001,ID3000,ID3001,ID4000
Description,UF Filtrate Total Chlorine,S1 Feed EC,S1 Feed TOC,Feed Temperature,Feed pH,S1 Feed Pressure,S1 Feed Flow Rate,S1 Permeate Flow Rate,S2 Feed Flow Rate,S2 Permeate Flow Rate,S3 Feed Pressure,S3 Feed Flow Rate,S1 Permeate EC,S2 Feed EC,S2 Permeate EC,S3 Feed EC,S3 Permeate EC,Permeate TOC
SeedMode,0,1,1,1,1,1,1,1,1,1,1,1,2,2,2,2,2,2
tag ID,AI_31094,AIT_40006,AIT_40010,AIT_40005,AIT_40008,PT_41095,RO_01_FirstStageFeedFlow,FIT_41074,S2 Feed Flow Rate_calc,FIT_41274,PT_41347,S3 Feed Flow Rate_calc,AIT_41092,S2 Feed EC_calc,AIT_41292,S3 Feed EC_calc,AIT_41392,AIT_41810
min,1,-1,-1,-1,-1,-1,-1,-1,-1,-1,-1,-1,0,0,0,0,0,0
max,2,-1,-1,-1,-1,-1,-1,-1,-1,-1,-1,-1,50,30,50,50,60,0.15
