,date,amount,mode_price,area,kind,timestamp,year,month,day,weekday
97760,20170501,16174,46.5,Niigata_Nagano,Shimeji_Mushroom,2017-05-01,12,4,0,1
97761,20170502,20054,48.5,Niigata_Nagano,Shimeji_Mushroom,2017-05-02,12,4,1,5
97762,20170506,17217,48.5,Niigata_Nagano,Shimeji_Mushroom,2017-05-06,12,4,5,2
97763,20170508,11854,48.5,Niigata_Nagano,Shimeji_Mushroom,2017-05-08,12,4,7,1
97764,20170509,13631,48.5,Niigata_Nagano,Shimeji_Mushroom,2017-05-09,12,4,8,5
97765,20170511,13867,48.5,Niigata_Nagano,Shimeji_Mushroom,2017-05-11,12,4,10,4
97766,20170512,11117,48.5,Niigata_Nagano,Shimeji_Mushroom,2017-05-12,12,4,11,0
97767,20170513,14760,48.5,Niigata_Nagano,Shimeji_Mushroom,2017-05-13,12,4,12,2
97768,20170515,12222,48.5,Niigata_Nagano,Shimeji_Mushroom,2017-05-15,12,4,14,1
97769,20170516,11075,48.5,Niigata_Nagano,Shimeji_Mushroom,2017-05-16,12,4,15,5
97770,20170517,9232,48.5,Niigata_Nagano,Shimeji_Mushroom,2017-05-17,12,4,16,6
97771,20170518,10589,48.5,Niigata_Nagano,Shimeji_Mushroom,2017-05-18,12,4,17,4
97772,20170519,14877,48.5,Niigata_Nagano,Shimeji_Mushroom,2017-05-19,12,4,18,0
97773,20170520,14626,48.5,Niigata_Nagano,Shimeji_Mushroom,2017-05-20,12,4,19,2
97774,20170522,12492,48.5,Niigata_Nagano,Shimeji_Mushroom,2017-05-22,12,4,21,1
97775,20170523,12922,48.5,Niigata_Nagano,Shimeji_Mushroom,2017-05-23,12,4,22,5
97776,20170525,15050,43.0,Niigata_Nagano,Shimeji_Mushroom,2017-05-25,12,4,24,4
97777,20170526,17231,48.5,Niigata_Nagano,Shimeji_Mushroom,2017-05-26,12,4,25,0
97778,20170527,17105,48.5,Niigata_Nagano,Shimeji_Mushroom,2017-05-27,12,4,26,2
97779,20170529,12406,48.5,Niigata_Nagano,Shimeji_Mushroom,2017-05-29,12,4,28,1
97780,20170530,12320,48.5,Niigata_Nagano,Shimeji_Mushroom,2017-05-30,12,4,29,5
97781,20170531,11635,43.0,Niigata_Nagano,Shimeji_Mushroom,2017-05-31,12,4,30,6
