,date,amount,mode_price,area,kind,timestamp,year,month,day,weekday
86538,20060414,35533,3045.0,Each_Fukuoka_Shizuoka,Bamboo_Shoot,2006-04-14,1,3,13,0
86539,20060415,39678,3045.0,Each_Fukuoka_Shizuoka,Bamboo_Shoot,2006-04-15,1,3,14,2
86540,20060417,58219,2205.0,Each_Fukuoka_Shizuoka,Bamboo_Shoot,2006-04-17,1,3,16,1
86541,20060418,30536,2100.0,Each_Fukuoka_Shizuoka,Bamboo_Shoot,2006-04-18,1,3,17,5
86542,20060420,41317,2100.0,Each_Fukuoka_Shizuoka,Bamboo_Shoot,2006-04-20,1,3,19,4
86543,20060421,17182,1837.5,Fukuoka_Shizuoka,Bamboo_Shoot,2006-04-21,1,3,20,0
86544,20060422,19884,1890.0,Fukuoka_Shizuoka,Bamboo_Shoot,2006-04-22,1,3,21,2
86545,20060424,23234,1837.5,Fukuoka_Shizuoka,Bamboo_Shoot,2006-04-24,1,3,23,1
86546,20060425,14226,2310.0,Fukuoka_Shizuoka,Bamboo_Shoot,2006-04-25,1,3,24,5
86547,20060426,15539,1890.0,Fukuoka_Shizuoka,Bamboo_Shoot,2006-04-26,1,3,25,6
86548,20060427,13721,1890.0,Fukuoka_Shizuoka,Bamboo_Shoot,2006-04-27,1,3,26,4
86549,20060428,13712,2152.5,Fukuoka_Shizuoka,Bamboo_Shoot,2006-04-28,1,3,27,0
86550,20070410,29769,3255.0,Each_Fukuoka_Shizuoka,Bamboo_Shoot,2007-04-10,2,3,9,5
86551,20070412,41299,2835.0,Each_Fukuoka_Shizuoka,Bamboo_Shoot,2007-04-12,2,3,11,4
86552,20070413,32278,3045.0,Each_Fukuoka_Shizuoka,Bamboo_Shoot,2007-04-13,2,3,12,0
86553,20070414,35772,3045.0,Each_Fukuoka_Shizuoka,Bamboo_Shoot,2007-04-14,2,3,13,2
86554,20070416,31962,2835.0,Each_Fukuoka_Shizuoka,Bamboo_Shoot,2007-04-16,2,3,15,1
86555,20070417,24913,2730.0,Each_Fukuoka_Shizuoka,Bamboo_Shoot,2007-04-17,2,3,16,5
86556,20070418,21194,2520.0,Each_Fukuoka_Shizuoka,Bamboo_Shoot,2007-04-18,2,3,17,6
86557,20070419,24433,2520.0,Each_Fukuoka_Shizuoka,Bamboo_Shoot,2007-04-19,2,3,18,4
86558,20070420,20239,2310.0,Each_Fukuoka_Shizuoka,Bamboo_Shoot,2007-04-20,2,3,19,0
86559,20070421,15361,2467.5,Each_Shizuoka,Bamboo_Shoot,2007-04-21,2,3,20,2
86560,20070423,14365,2520.0,Shizuoka,Bamboo_Shoot,2007-04-23,2,3,22,1
86561,20070424,10978,3360.0,Each_Shizuoka,Bamboo_Shoot,2007-04-24,2,3,23,5
86562,20070426,16417,3360.0,Each_Shizuoka,Bamboo_Shoot,2007-04-26,2,3,25,4
86563,20070427,9732,3675.0,Each_Shizuoka,Bamboo_Shoot,2007-04-27,2,3,26,0
86564,20070428,11192,2835.0,Shizuoka,Bamboo_Shoot,2007-04-28,2,3,27,2
86565,20080411,22089,4147.5,Fukuoka_Shizuoka,Bamboo_Shoot,2008-04-11,3,3,10,0
86566,20080412,24772,4541.25,Fukuoka_Shizuoka,Bamboo_Shoot,2008-04-12,3,3,11,2
86567,20080414,51260,3202.5,Fukuoka_Shizuoka,Bamboo_Shoot,2008-04-14,3,3,13,1
86568,20080415,32151,2782.5,Fukuoka_Shizuoka,Bamboo_Shoot,2008-04-15,3,3,14,5
86569,20080416,31162,2861.25,Fukuoka_Shizuoka,Bamboo_Shoot,2008-04-16,3,3,15,6
86570,20080417,32160,2415.0,Fukuoka_Shizuoka,Bamboo_Shoot,2008-04-17,3,3,16,4
86571,20080418,37804,1785.0,Fukuoka_Shizuoka,Bamboo_Shoot,2008-04-18,3,3,17,0
86572,20080419,28325,1785.0,Fukuoka_Shizuoka,Bamboo_Shoot,2008-04-19,3,3,18,2
86573,20080421,43949,1995.0,Shizuoka,Bamboo_Shoot,2008-04-21,3,3,20,1
86574,20080422,29946,1995.0,Shizuoka,Bamboo_Shoot,2008-04-22,3,3,21,5
86575,20080424,28472,1995.0,Shizuoka,Bamboo_Shoot,2008-04-24,3,3,23,4
86576,20080425,14588,1995.0,Shizuoka,Bamboo_Shoot,2008-04-25,3,3,24,0
86577,20080426,20197,2100.0,Shizuoka,Bamboo_Shoot,2008-04-26,3,3,25,2
86578,20080428,24546,2205.0,Shizuoka,Bamboo_Shoot,2008-04-28,3,3,27,1
86579,20080430,20744,1785.0,Shizuoka,Bamboo_Shoot,2008-04-30,3,3,29,6
86580,20090409,60561,4725.0,Each_Fukuoka_Shizuoka,Bamboo_Shoot,2009-04-09,4,3,8,4
86581,20090410,26437,4830.0,Each_Fukuoka_Shizuoka,Bamboo_Shoot,2009-04-10,4,3,9,0
86582,20090411,31653,4357.5,Fukuoka_Shizuoka,Bamboo_Shoot,2009-04-11,4,3,10,2
86583,20090413,41692,3675.0,Each_Fukuoka_Shizuoka,Bamboo_Shoot,2009-04-13,4,3,12,1
86584,20090414,31483,3832.5,Fukuoka_Shizuoka,Bamboo_Shoot,2009-04-14,4,3,13,5
86585,20090415,29523,3202.5,Fukuoka_Shizuoka,Bamboo_Shoot,2009-04-15,4,3,14,6
86586,20090416,22297,2992.5,Fukuoka_Shizuoka,Bamboo_Shoot,2009-04-16,4,3,15,4
86587,20090417,25044,2625.0,Fukuoka_Shizuoka,Bamboo_Shoot,2009-04-17,4,3,16,0
86588,20090418,26615,2257.5,Each_Fukuoka_Shizuoka,Bamboo_Shoot,2009-04-18,4,3,17,2
86589,20090420,22433,3150.0,Shizuoka,Bamboo_Shoot,2009-04-20,4,3,19,1
86590,20090421,14499,3150.0,Shizuoka,Bamboo_Shoot,2009-04-21,4,3,20,5
86591,20090423,22268,3150.0,Shizuoka,Bamboo_Shoot,2009-04-23,4,3,22,4
86592,20090424,15781,4725.0,Shizuoka,Bamboo_Shoot,2009-04-24,4,3,23,0
86593,20090425,12701,3150.0,Shizuoka,Bamboo_Shoot,2009-04-25,4,3,24,2
86594,20090427,12469,4095.0,Each,Bamboo_Shoot,2009-04-27,4,3,26,1
86595,20090428,9052,4200.0,Each,Bamboo_Shoot,2009-04-28,4,3,27,5
86596,20090430,12333,4095.0,Each,Bamboo_Shoot,2009-04-30,4,3,29,4
86597,20100403,22762,4567.5,Fukuoka_Shizuoka,Bamboo_Shoot,2010-04-03,5,3,2,2
86598,20100405,51145,3622.5,Fukuoka_Shizuoka,Bamboo_Shoot,2010-04-05,5,3,4,1
86599,20100406,33544,3727.5,Fukuoka_Shizuoka,Bamboo_Shoot,2010-04-06,5,3,5,5
86600,20100408,54570,3202.5,Fukuoka_Shizuoka,Bamboo_Shoot,2010-04-08,5,3,7,4
86601,20100409,39409,3202.5,Fukuoka_Shizuoka,Bamboo_Shoot,2010-04-09,5,3,8,0
86602,20100410,44261,2835.0,Each_Fukuoka_Shizuoka,Bamboo_Shoot,2010-04-10,5,3,9,2
86603,20100412,48984,2782.5,Fukuoka_Shizuoka,Bamboo_Shoot,2010-04-12,5,3,11,1
86604,20100413,29039,2835.0,Fukuoka_Shizuoka,Bamboo_Shoot,2010-04-13,5,3,12,5
86605,20100415,37834,2835.0,Fukuoka_Shizuoka,Bamboo_Shoot,2010-04-15,5,3,14,4
86606,20100416,16504,2887.5,Fukuoka_Shizuoka,Bamboo_Shoot,2010-04-16,5,3,15,0
86607,20100417,13806,2940.0,Fukuoka_Shizuoka,Bamboo_Shoot,2010-04-17,5,3,16,2
86608,20100419,23023,3675.0,Each_Shizuoka,Bamboo_Shoot,2010-04-19,5,3,18,1
86609,20100420,11130,3412.5,Each_Shizuoka,Bamboo_Shoot,2010-04-20,5,3,19,5
86610,20100421,10805,3727.5,Each_Shizuoka,Bamboo_Shoot,2010-04-21,5,3,20,6
86611,20100422,10032,3832.5,Each_Shizuoka,Bamboo_Shoot,2010-04-22,5,3,21,4
86612,20100423,11382,3727.5,Each_Shizuoka,Bamboo_Shoot,2010-04-23,5,3,22,0
86613,20100424,7939,3675.0,Each_Shizuoka,Bamboo_Shoot,2010-04-24,5,3,23,2
86614,20100426,20744,3622.5,Each_Shizuoka,Bamboo_Shoot,2010-04-26,5,3,25,1
86615,20100427,13165,3727.5,Each_Shizuoka,Bamboo_Shoot,2010-04-27,5,3,26,5
86616,20100428,11148,3675.0,Each_Shizuoka,Bamboo_Shoot,2010-04-28,5,3,27,6
86617,20100430,12282,3465.0,Each_Shizuoka,Bamboo_Shoot,2010-04-30,5,3,29,0
86618,20110415,23742,4200.0,Fukuoka,Bamboo_Shoot,2011-04-15,6,3,14,0
86619,20110416,28646,4462.5,Fukuoka,Bamboo_Shoot,2011-04-16,6,3,15,2
86620,20110418,35648,3780.0,Fukuoka_Shizuoka,Bamboo_Shoot,2011-04-18,6,3,17,1
86621,20110419,31628,3727.5,Fukuoka_Shizuoka,Bamboo_Shoot,2011-04-19,6,3,18,5
86622,20110420,27236,3202.5,Fukuoka_Shizuoka,Bamboo_Shoot,2011-04-20,6,3,19,6
86623,20110421,30486,3255.0,Fukuoka_Shizuoka,Bamboo_Shoot,2011-04-21,6,3,20,4
86624,20110422,28017,3045.0,Fukuoka_Shizuoka,Bamboo_Shoot,2011-04-22,6,3,21,0
86625,20110423,29492,4305.0,Fukuoka_Shizuoka,Bamboo_Shoot,2011-04-23,6,3,22,2
86626,20110425,28329,5250.0,Each_Fukuoka_Shizuoka,Bamboo_Shoot,2011-04-25,6,3,24,1
86627,20110426,26286,3570.0,Each_Fukuoka_Shizuoka,Bamboo_Shoot,2011-04-26,6,3,25,5
86628,20110427,26789,3465.0,Each_Fukuoka_Shizuoka,Bamboo_Shoot,2011-04-27,6,3,26,6
86629,20110428,24736,3780.0,Each_Fukuoka_Shizuoka,Bamboo_Shoot,2011-04-28,6,3,27,4
86630,20110430,28540,3675.0,Each_Fukuoka_Shizuoka,Bamboo_Shoot,2011-04-30,6,3,29,2
86631,20120420,23478,1732.5,Each_Fukuoka_Shizuoka,Bamboo_Shoot,2012-04-20,7,3,19,0
86632,20120421,30388,2047.5,Fukuoka_Shizuoka,Bamboo_Shoot,2012-04-21,7,3,20,2
86633,20120423,31334,2310.0,Each_Fukuoka_Shizuoka,Bamboo_Shoot,2012-04-23,7,3,22,1
86634,20120424,6575,2730.0,Shizuoka,Bamboo_Shoot,2012-04-24,7,3,23,5
86635,20120426,22031,2073.75,Each_Shizuoka,Bamboo_Shoot,2012-04-26,7,3,25,4
86636,20120427,13186,2520.0,Shizuoka,Bamboo_Shoot,2012-04-27,7,3,26,0
86637,20120428,15920,2415.0,Shizuoka,Bamboo_Shoot,2012-04-28,7,3,27,2
86638,20130411,42257,3517.5,Fukuoka_Shizuoka,Bamboo_Shoot,2013-04-11,8,3,10,4
86639,20130412,31820,3465.0,Each_Fukuoka_Shizuoka,Bamboo_Shoot,2013-04-12,8,3,11,0
86640,20130413,30594,3570.0,Fukuoka_Shizuoka,Bamboo_Shoot,2013-04-13,8,3,12,2
86641,20130415,38166,3465.0,Each_Fukuoka_Shizuoka,Bamboo_Shoot,2013-04-15,8,3,14,1
86642,20130416,25110,3360.0,Each_Fukuoka_Shizuoka,Bamboo_Shoot,2013-04-16,8,3,15,5
86643,20130417,19966,3465.0,Each_Fukuoka_Shizuoka,Bamboo_Shoot,2013-04-17,8,3,16,6
86644,20130418,20446,3570.0,Each_Fukuoka_Shizuoka,Bamboo_Shoot,2013-04-18,8,3,17,4
86645,20130419,7792,3360.0,Each_Shizuoka,Bamboo_Shoot,2013-04-19,8,3,18,0
86646,20130420,15231,4410.0,Fukuoka_Shizuoka,Bamboo_Shoot,2013-04-20,8,3,19,2
86647,20130422,10189,4252.5,Each_Shizuoka,Bamboo_Shoot,2013-04-22,8,3,21,1
86648,20130425,10058,5775.0,Each_Shizuoka,Bamboo_Shoot,2013-04-25,8,3,24,4
86649,20130426,5048,4252.5,Each_Shizuoka,Bamboo_Shoot,2013-04-26,8,3,25,0
86650,20130427,6406,5040.0,Each_Shizuoka,Bamboo_Shoot,2013-04-27,8,3,26,2
86651,20130430,9261,4567.5,Each_Shizuoka,Bamboo_Shoot,2013-04-30,8,3,29,5
86652,20140401,12879,2160.0,Each_Fukuoka_Shizuoka,Bamboo_Shoot,2014-04-01,9,3,0,5
86653,20140402,20582,1944.0,Each_Fukuoka_Shizuoka,Bamboo_Shoot,2014-04-02,9,3,1,6
86654,20140403,24129,1674.0,Fukuoka_Shizuoka,Bamboo_Shoot,2014-04-03,9,3,2,4
86655,20140412,32253,3888.0,Each_Fukuoka_Shizuoka,Bamboo_Shoot,2014-04-12,9,3,11,2
86656,20140414,45778,3996.0,Each_Fukuoka_Shizuoka,Bamboo_Shoot,2014-04-14,9,3,13,1
86657,20140415,37878,5400.0,Each_Fukuoka_Shizuoka,Bamboo_Shoot,2014-04-15,9,3,14,5
86658,20140417,48850,5400.0,Each_Fukuoka_Shizuoka,Bamboo_Shoot,2014-04-17,9,3,16,4
86659,20140418,25922,3132.0,Each_Fukuoka_Shizuoka,Bamboo_Shoot,2014-04-18,9,3,17,0
86660,20140419,27241,3240.0,Fukuoka_Shizuoka,Bamboo_Shoot,2014-04-19,9,3,18,2
86661,20140421,29655,3132.0,Each_Fukuoka_Shizuoka,Bamboo_Shoot,2014-04-21,9,3,20,1
86662,20140422,17406,3024.0,Each_Fukuoka_Shizuoka,Bamboo_Shoot,2014-04-22,9,3,21,5
86663,20140424,26276,2376.0,Each_Shizuoka,Bamboo_Shoot,2014-04-24,9,3,23,4
86664,20140425,17136,2430.0,Each_Shizuoka,Bamboo_Shoot,2014-04-25,9,3,24,0
86665,20140426,15202,2214.0,Each_Shizuoka,Bamboo_Shoot,2014-04-26,9,3,25,2
86666,20140428,22563,1728.0,Each_Shizuoka,Bamboo_Shoot,2014-04-28,9,3,27,1
86667,20140430,15218,1674.0,Each_Shizuoka,Bamboo_Shoot,2014-04-30,9,3,29,6
86668,20150410,26366,3888.0,Each_Fukuoka_Shizuoka,Bamboo_Shoot,2015-04-10,10,3,9,0
86669,20150411,49528,5400.0,Each_Fukuoka_Shizuoka,Bamboo_Shoot,2015-04-11,10,3,10,2
86670,20150413,30543,5940.0,Each_Fukuoka_Shizuoka,Bamboo_Shoot,2015-04-13,10,3,12,1
86671,20150414,30624,3564.0,Each_Fukuoka_Shizuoka,Bamboo_Shoot,2015-04-14,10,3,13,5
86672,20150416,24321,4320.0,Each_Fukuoka_Shizuoka,Bamboo_Shoot,2015-04-16,10,3,15,4
86673,20150417,19495,4644.0,Each_Fukuoka_Shizuoka,Bamboo_Shoot,2015-04-17,10,3,16,0
86674,20150418,23760,4644.0,Each_Fukuoka_Shizuoka,Bamboo_Shoot,2015-04-18,10,3,17,2
86675,20150420,24434,4428.0,Each_Fukuoka_Shizuoka,Bamboo_Shoot,2015-04-20,10,3,19,1
86676,20150421,16915,4212.0,Each_Shizuoka,Bamboo_Shoot,2015-04-21,10,3,20,5
86677,20150423,19622,4050.0,Each_Shizuoka,Bamboo_Shoot,2015-04-23,10,3,22,4
86678,20150424,13500,3402.0,Each_Shizuoka,Bamboo_Shoot,2015-04-24,10,3,23,0
86679,20150425,13162,3780.0,Each_Fukuoka_Shizuoka,Bamboo_Shoot,2015-04-25,10,3,24,2
86680,20150427,15874,3402.0,Each_Shizuoka,Bamboo_Shoot,2015-04-27,10,3,26,1
86681,20150428,6383,2916.0,Each_Shizuoka,Bamboo_Shoot,2015-04-28,10,3,27,5
86682,20150430,9792,3240.0,Each_Shizuoka,Bamboo_Shoot,2015-04-30,10,3,29,4
86683,20160411,44529,3132.0,Each_Fukuoka_Shizuoka,Bamboo_Shoot,2016-04-11,11,3,10,1
86684,20160412,31153,2916.0,Each_Fukuoka_Shizuoka,Bamboo_Shoot,2016-04-12,11,3,11,5
86685,20160414,44606,2376.0,Each_Fukuoka_Shizuoka,Bamboo_Shoot,2016-04-14,11,3,13,4
86686,20160415,22832,2484.0,Each_Fukuoka_Shizuoka,Bamboo_Shoot,2016-04-15,11,3,14,0
86687,20160416,31767,2376.0,Each_Fukuoka_Shizuoka,Bamboo_Shoot,2016-04-16,11,3,15,2
86688,20160418,31403,3348.0,Each_Shizuoka,Bamboo_Shoot,2016-04-18,11,3,17,1
86689,20160419,16452,2592.0,Each_Fukuoka_Shizuoka,Bamboo_Shoot,2016-04-19,11,3,18,5
86690,20160421,22260,2592.0,Each_Fukuoka_Shizuoka,Bamboo_Shoot,2016-04-21,11,3,20,4
86691,20160422,19286,2376.0,Each_Shizuoka,Bamboo_Shoot,2016-04-22,11,3,21,0
86692,20160423,15595,2268.0,Each_Fukuoka_Shizuoka,Bamboo_Shoot,2016-04-23,11,3,22,2
86693,20160425,20550,2430.0,Each_Shizuoka,Bamboo_Shoot,2016-04-25,11,3,24,1
86694,20160426,12191,2430.0,Each_Shizuoka,Bamboo_Shoot,2016-04-26,11,3,25,5
86695,20160427,7104,2484.0,Each_Shizuoka,Bamboo_Shoot,2016-04-27,11,3,26,6
86696,20160428,8711,2646.0,Each_Shizuoka,Bamboo_Shoot,2016-04-28,11,3,27,4
86697,20160430,9141,3024.0,Each,Bamboo_Shoot,2016-04-30,11,3,29,2
86698,20170420,27518,3672.0,Each_Fukuoka_Shizuoka,Bamboo_Shoot,2017-04-20,12,3,19,4
86699,20170421,22667,3240.0,Each_Fukuoka_Shizuoka,Bamboo_Shoot,2017-04-21,12,3,20,0
86700,20170422,24124,3672.0,Each_Fukuoka_Shizuoka,Bamboo_Shoot,2017-04-22,12,3,21,2
86701,20170424,22759,3348.0,Each_Fukuoka_Shizuoka,Bamboo_Shoot,2017-04-24,12,3,23,1
86702,20170425,12938,3132.0,Each_Shizuoka,Bamboo_Shoot,2017-04-25,12,3,24,5
86703,20170426,10262,3564.0,Shizuoka,Bamboo_Shoot,2017-04-26,12,3,25,6
86704,20170427,11285,3348.0,Each_Shizuoka,Bamboo_Shoot,2017-04-27,12,3,26,4
86705,20170428,10274,3456.0,Each_Shizuoka,Bamboo_Shoot,2017-04-28,12,3,27,0
86706,20180416,21148,3132.0,Each_Kumamoto_Fukuoka,Bamboo_Shoot,2018-04-16,13,3,15,1
86707,20180417,14611,3132.0,Each_Kumamoto_Fukuoka,Bamboo_Shoot,2018-04-17,13,3,16,5
86708,20180419,13065,3456.0,Each_Kumamoto_Fukuoka,Bamboo_Shoot,2018-04-19,13,3,18,4
86709,20180420,10470,5400.0,Each_Kumamoto_Fukuoka,Bamboo_Shoot,2018-04-20,13,3,19,0
86710,20180421,14749,3348.0,Each_Kumamoto_Fukuoka,Bamboo_Shoot,2018-04-21,13,3,20,2
86711,20180423,14763,3348.0,Each_Kumamoto_Fukuoka,Bamboo_Shoot,2018-04-23,13,3,22,1
86712,20180424,11591,3456.0,Each_Kumamoto_Fukuoka,Bamboo_Shoot,2018-04-24,13,3,23,5
86713,20180426,8481,3240.0,Each_Kumamoto_Fukuoka,Bamboo_Shoot,2018-04-26,13,3,25,4
86714,20180427,9500,4590.0,Each_Kumamoto_Fukuoka,Bamboo_Shoot,2018-04-27,13,3,26,0
86715,20180428,8669,3456.0,Each_Fukuoka,Bamboo_Shoot,2018-04-28,13,3,27,2
86716,20190416,26142,3348.0,Each_Fukuoka_Shizuoka,Bamboo_Shoot,2019-04-16,14,3,15,5
86717,20190420,19551,3888.0,Each_Fukuoka_Shizuoka,Bamboo_Shoot,2019-04-20,14,3,19,2
86718,20190422,22984,3456.0,Each_Fukuoka_Shizuoka,Bamboo_Shoot,2019-04-22,14,3,21,1
86719,20190423,16731,3456.0,Each_Fukuoka_Shizuoka,Bamboo_Shoot,2019-04-23,14,3,22,5
86720,20190425,15665,3510.0,Each_Shizuoka,Bamboo_Shoot,2019-04-25,14,3,24,4
86721,20190426,6635,3186.0,Each_Shizuoka,Bamboo_Shoot,2019-04-26,14,3,25,0
86722,20190427,8659,3186.0,Each_Shizuoka,Bamboo_Shoot,2019-04-27,14,3,26,2
86723,20190429,13684,3402.0,Each_Shizuoka,Bamboo_Shoot,2019-04-29,14,3,28,1
86724,20200410,28324,3024.0,Each_Kumamoto_Fukuoka,Bamboo_Shoot,2020-04-10,15,3,9,0
86725,20200411,30573,2916.0,Each_Kumamoto_Fukuoka,Bamboo_Shoot,2020-04-11,15,3,10,2
86726,20200413,45854,2592.0,Each_Kumamoto_Fukuoka,Bamboo_Shoot,2020-04-13,15,3,12,1
86727,20200414,21143,2592.0,Each_Kumamoto_Fukuoka,Bamboo_Shoot,2020-04-14,15,3,13,5
86728,20200416,28723,2808.0,Each_Kumamoto_Fukuoka,Bamboo_Shoot,2020-04-16,15,3,15,4
86729,20200417,24042,2862.0,Each_Fukuoka,Bamboo_Shoot,2020-04-17,15,3,16,0
86730,20200418,27384,2808.0,Each_Kumamoto_Fukuoka,Bamboo_Shoot,2020-04-18,15,3,17,2
86731,20200420,27679,2916.0,Each_Kumamoto_Fukuoka,Bamboo_Shoot,2020-04-20,15,3,19,1
86732,20200421,23019,3078.0,Each_Fukuoka,Bamboo_Shoot,2020-04-21,15,3,20,5
86733,20200423,18051,3024.0,Each_Kumamoto_Fukuoka,Bamboo_Shoot,2020-04-23,15,3,22,4
86734,20200424,15476,3132.0,Each_Kumamoto_Fukuoka,Bamboo_Shoot,2020-04-24,15,3,23,0
86735,20200425,16448,5400.0,Each_Kumamoto_Fukuoka,Bamboo_Shoot,2020-04-25,15,3,24,2
86736,20200427,18315,5400.0,Each_Kumamoto_Fukuoka,Bamboo_Shoot,2020-04-27,15,3,26,1
86737,20200428,16334,2916.0,Each,Bamboo_Shoot,2020-04-28,15,3,27,5
86738,20200430,12887,2808.0,Each,Bamboo_Shoot,2020-04-30,15,3,29,4
86739,20210408,42046,3888.0,Each_Fukuoka_Shizuoka,Bamboo_Shoot,2021-04-08,16,3,7,4
86740,20210409,26819,3996.0,Each_Fukuoka_Shizuoka,Bamboo_Shoot,2021-04-09,16,3,8,0
86741,20210410,26782,4104.0,Each_Fukuoka_Shizuoka,Bamboo_Shoot,2021-04-10,16,3,9,2
86742,20210412,36260,4104.0,Each_Fukuoka_Shizuoka,Bamboo_Shoot,2021-04-12,16,3,11,1
86743,20210413,24928,4212.0,Each_Fukuoka_Shizuoka,Bamboo_Shoot,2021-04-13,16,3,12,5
86744,20210415,22197,4536.0,Each_Fukuoka_Shizuoka,Bamboo_Shoot,2021-04-15,16,3,14,4
86745,20210416,16488,5400.0,Each_Shizuoka,Bamboo_Shoot,2021-04-16,16,3,15,0
86746,20210417,17190,4536.0,Each_Fukuoka_Shizuoka,Bamboo_Shoot,2021-04-17,16,3,16,2
86747,20210419,12482,4860.0,Each_Fukuoka_Shizuoka,Bamboo_Shoot,2021-04-19,16,3,18,1
86748,20210420,16569,4752.0,Each_Fukuoka_Shizuoka,Bamboo_Shoot,2021-04-20,16,3,19,5
86749,20210422,12696,6048.0,Each_Fukuoka_Shizuoka,Bamboo_Shoot,2021-04-22,16,3,21,4
86750,20210423,11446,5400.0,Each_Fukuoka_Shizuoka,Bamboo_Shoot,2021-04-23,16,3,22,0
86751,20210424,10192,6156.0,Each_Fukuoka_Shizuoka,Bamboo_Shoot,2021-04-24,16,3,23,2
86752,20210426,10331,5292.0,Each_Fukuoka_Shizuoka,Bamboo_Shoot,2021-04-26,16,3,25,1
86753,20210427,7468,5400.0,Each_Fukuoka_Shizuoka,Bamboo_Shoot,2021-04-27,16,3,26,5
86754,20210428,5626,5508.0,Each_Fukuoka_Shizuoka,Bamboo_Shoot,2021-04-28,16,3,27,6
86755,20210430,4387,5400.0,Each,Bamboo_Shoot,2021-04-30,16,3,29,0
86756,20220412,37972,4212.0,Each_Kumamoto_Fukuoka,Bamboo_Shoot,2022-04-12,17,3,11,5
86757,20220414,46232,4320.0,Each_Kumamoto_Fukuoka,Bamboo_Shoot,2022-04-14,17,3,13,4
86758,20220415,31005,3996.0,Each_Kumamoto_Fukuoka,Bamboo_Shoot,2022-04-15,17,3,14,0
86759,20220416,33564,3348.0,Each_Kumamoto_Fukuoka,Bamboo_Shoot,2022-04-16,17,3,15,2
86760,20220418,44871,2484.0,Each_Kumamoto_Fukuoka,Bamboo_Shoot,2022-04-18,17,3,17,1
86761,20220419,26401,2268.0,Each_Kumamoto_Fukuoka,Bamboo_Shoot,2022-04-19,17,3,18,5
86762,20220421,25450,2268.0,Each_Kumamoto_Fukuoka,Bamboo_Shoot,2022-04-21,17,3,20,4
86763,20220422,11733,4320.0,Each_Kumamoto_Fukuoka,Bamboo_Shoot,2022-04-22,17,3,21,0
86764,20220423,14445,3348.0,Each_Kumamoto_Fukuoka,Bamboo_Shoot,2022-04-23,17,3,22,2
86765,20220425,21062,3240.0,Each_Kumamoto_Fukuoka,Bamboo_Shoot,2022-04-25,17,3,24,1
86766,20220426,14212,3240.0,Each_Fukuoka,Bamboo_Shoot,2022-04-26,17,3,25,5
86767,20220428,10982,2052.0,Each,Bamboo_Shoot,2022-04-28,17,3,27,4
86768,20220429,10809,1512.0,Each,Bamboo_Shoot,2022-04-29,17,3,28,0
86769,20220430,13040,2052.0,Each,Bamboo_Shoot,2022-04-30,17,3,29,2
