,date,amount,mode_price,area,kind,timestamp,year,month,day,weekday
97587,20170501,22658,64.5,Each_Ibaraki,Leek,2017-05-01,12,4,0,1
97588,20170502,14858,65.0,Each_Tochigi_Ibaraki,Leek,2017-05-02,12,4,1,5
97589,20170506,25363,86.0,Each_Tochigi_Ibaraki,Leek,2017-05-06,12,4,5,2
97590,20170508,17286,86.0,Each_Tochigi_Ibaraki,Leek,2017-05-08,12,4,7,1
97591,20170509,14344,86.0,Each_Tochigi_Ibaraki,Leek,2017-05-09,12,4,8,5
97592,20170511,19648,86.0,Each_Tochigi_Ibaraki,Leek,2017-05-11,12,4,10,4
97593,20170512,16172,56.5,Each_Tochigi_Ibaraki,Leek,2017-05-12,12,4,11,0
97594,20170513,16219,86.0,Each_Tochigi_Ibaraki,Leek,2017-05-13,12,4,12,2
97595,20170515,19094,59.0,Each_Tochigi_Ibaraki,Leek,2017-05-15,12,4,14,1
97596,20170516,11396,86.0,Each_Tochigi_Ibaraki,Leek,2017-05-16,12,4,15,5
97597,20170517,11828,86.0,Each_Tochigi_Ibaraki,Leek,2017-05-17,12,4,16,6
97598,20170518,12553,86.0,Each_Tochigi_Ibaraki,Leek,2017-05-18,12,4,17,4
97599,20170519,13739,86.0,Each_Tochigi_Ibaraki,Leek,2017-05-19,12,4,18,0
97600,20170520,15193,86.0,Each_Tochigi_Ibaraki,Leek,2017-05-20,12,4,19,2
97601,20170522,15350,86.0,Each_Tochigi_Ibaraki,Leek,2017-05-22,12,4,21,1
97602,20170523,12918,86.0,Each_Tochigi_Ibaraki,Leek,2017-05-23,12,4,22,5
97603,20170525,16203,86.0,Each_Tochigi_Ibaraki,Leek,2017-05-25,12,4,24,4
97604,20170526,14802,86.0,Each_Tochigi_Ibaraki,Leek,2017-05-26,12,4,25,0
97605,20170527,16025,86.0,Each_Tochigi_Ibaraki,Leek,2017-05-27,12,4,26,2
97606,20170529,17545,43.0,Each_Tochigi_Ibaraki,Leek,2017-05-29,12,4,28,1
97607,20170530,13169,86.0,Each_Tochigi_Ibaraki,Leek,2017-05-30,12,4,29,5
97608,20170531,11792,86.0,Each_Tochigi_Ibaraki,Leek,2017-05-31,12,4,30,6
97609,20180501,23910,83.5,Each_Tochigi_Ibaraki,Leek,2018-05-01,13,4,0,5
97610,20180502,14422,83.5,Each_Tochigi_Ibaraki,Leek,2018-05-02,13,4,1,6
97611,20180503,16772,70.0,Each_Tochigi_Ibaraki,Leek,2018-05-03,13,4,2,4
97612,20180507,22577,65.0,Each_Tochigi_Ibaraki,Leek,2018-05-07,13,4,6,1
97613,20180508,12617,65.0,Each_Tochigi_Ibaraki,Leek,2018-05-08,13,4,7,5
97614,20180510,17983,81.0,Each_Tochigi_Ibaraki,Leek,2018-05-10,13,4,9,4
97615,20180511,15430,65.0,Each_Tochigi_Ibaraki,Leek,2018-05-11,13,4,10,0
97616,20180512,15505,65.0,Each_Tochigi_Ibaraki,Leek,2018-05-12,13,4,11,2
97617,20180514,15540,81.0,Each_Tochigi_Ibaraki,Leek,2018-05-14,13,4,13,1
97618,20180515,12757,65.0,Each_Tochigi_Ibaraki,Leek,2018-05-15,13,4,14,5
97619,20180517,20248,65.0,Each_Tochigi_Ibaraki,Leek,2018-05-17,13,4,16,4
97620,20180518,13017,65.0,Each_Tochigi_Ibaraki,Leek,2018-05-18,13,4,17,0
97621,20180519,13493,59.0,Each_Tochigi_Ibaraki,Leek,2018-05-19,13,4,18,2
97622,20180521,17819,54.0,Each_Tochigi_Ibaraki,Leek,2018-05-21,13,4,20,1
97623,20180522,13295,54.0,Each_Tochigi_Ibaraki,Leek,2018-05-22,13,4,21,5
97624,20180524,18499,86.0,Each_Tochigi_Ibaraki,Leek,2018-05-24,13,4,23,4
97625,20180525,13576,86.0,Each_Tochigi_Ibaraki,Leek,2018-05-25,13,4,24,0
97626,20180526,15002,86.0,Each_Tochigi_Ibaraki,Leek,2018-05-26,13,4,25,2
97627,20180528,16044,86.0,Each_Tochigi_Ibaraki,Leek,2018-05-28,13,4,27,1
97628,20180529,12928,86.0,Each_Tochigi_Ibaraki,Leek,2018-05-29,13,4,28,5
97629,20180531,17610,86.0,Each_Tochigi_Ibaraki,Leek,2018-05-31,13,4,30,4
97630,20190502,28281,86.0,Each_Tochigi_Ibaraki,Leek,2019-05-02,14,4,1,4
97631,20190503,16417,97.0,Each_Tochigi_Ibaraki,Leek,2019-05-03,14,4,2,0
97632,20190506,19909,76.0,Each_Tochigi_Ibaraki,Leek,2019-05-06,14,4,5,1
97633,20190507,13066,54.0,Each_Tochigi_Ibaraki,Leek,2019-05-07,14,4,6,5
97634,20190509,18321,76.0,Each_Tochigi_Ibaraki,Leek,2019-05-09,14,4,8,4
97635,20190510,13089,76.0,Each_Tochigi_Ibaraki,Leek,2019-05-10,14,4,9,0
97636,20190511,14438,92.0,Tochigi_Ibaraki,Leek,2019-05-11,14,4,10,2
97637,20190513,16826,76.0,Each_Tochigi_Ibaraki,Leek,2019-05-13,14,4,12,1
97638,20190514,13503,76.0,Each_Tochigi_Ibaraki,Leek,2019-05-14,14,4,13,5
97639,20190516,17904,76.0,Each_Tochigi_Ibaraki,Leek,2019-05-16,14,4,15,4
97640,20190517,14032,76.0,Each_Tochigi_Ibaraki,Leek,2019-05-17,14,4,16,0
97641,20190518,14466,76.0,Each_Tochigi_Ibaraki,Leek,2019-05-18,14,4,17,2
97642,20190520,15991,86.0,Each_Tochigi_Ibaraki,Leek,2019-05-20,14,4,19,1
97643,20190521,14340,54.0,Each_Tochigi_Ibaraki,Leek,2019-05-21,14,4,20,5
97644,20190523,17695,76.0,Each_Tochigi_Ibaraki,Leek,2019-05-23,14,4,22,4
97645,20190524,15320,76.0,Each_Tochigi_Ibaraki,Leek,2019-05-24,14,4,23,0
97646,20190525,15048,76.0,Each_Tochigi_Ibaraki,Leek,2019-05-25,14,4,24,2
97647,20190527,16191,76.0,Each_Tochigi_Ibaraki,Leek,2019-05-27,14,4,26,1
97648,20190528,11977,76.0,Each_Tochigi_Ibaraki,Leek,2019-05-28,14,4,27,5
97649,20190530,16897,76.0,Each_Tochigi_Ibaraki,Leek,2019-05-30,14,4,29,4
97650,20190531,14360,76.0,Each_Tochigi_Ibaraki,Leek,2019-05-31,14,4,30,0
97651,20200501,17678,54.0,Each_Tochigi_Ibaraki,Leek,2020-05-01,15,4,0,0
97652,20200502,19270,54.0,Each_Tochigi_Ibaraki,Leek,2020-05-02,15,4,1,2
97653,20200504,24132,97.0,Tochigi_Ibaraki,Leek,2020-05-04,15,4,3,1
97654,20200507,22763,54.0,Each_Tochigi_Ibaraki,Leek,2020-05-07,15,4,6,4
97655,20200508,16651,76.0,Each_Tochigi_Ibaraki,Leek,2020-05-08,15,4,7,0
97656,20200509,18785,76.0,Each_Tochigi_Ibaraki,Leek,2020-05-09,15,4,8,2
97657,20200511,20787,76.0,Each_Tochigi_Ibaraki,Leek,2020-05-11,15,4,10,1
97658,20200512,16236,76.0,Each_Tochigi_Ibaraki,Leek,2020-05-12,15,4,11,5
97659,20200514,23258,59.0,Each_Tochigi_Ibaraki,Leek,2020-05-14,15,4,13,4
97660,20200515,16605,59.0,Each_Tochigi_Ibaraki,Leek,2020-05-15,15,4,14,0
97661,20200516,16999,86.0,Each_Tochigi_Ibaraki,Leek,2020-05-16,15,4,15,2
97662,20200518,18850,54.0,Each_Tochigi_Ibaraki,Leek,2020-05-18,15,4,17,1
97663,20200519,15610,54.0,Each_Tochigi_Ibaraki,Leek,2020-05-19,15,4,18,5
97664,20200521,20239,54.0,Each_Tochigi_Ibaraki,Leek,2020-05-21,15,4,20,4
97665,20200522,15710,54.0,Each_Tochigi_Ibaraki,Leek,2020-05-22,15,4,21,0
97666,20200523,17077,54.0,Each_Tochigi_Ibaraki,Leek,2020-05-23,15,4,22,2
97667,20200525,17371,54.0,Each_Tochigi_Ibaraki,Leek,2020-05-25,15,4,24,1
97668,20200526,14320,54.0,Each_Tochigi_Ibaraki,Leek,2020-05-26,15,4,25,5
97669,20200528,16866,54.0,Each_Tochigi_Ibaraki,Leek,2020-05-28,15,4,27,4
97670,20200529,15918,54.0,Each_Tochigi_Ibaraki,Leek,2020-05-29,15,4,28,0
97671,20200530,16151,54.0,Each_Tochigi_Ibaraki,Leek,2020-05-30,15,4,29,2
97672,20210501,14387,62.0,Each_Tochigi_Ibaraki,Leek,2021-05-01,16,4,0,2
97673,20210503,18677,54.0,Each_Tochigi_Ibaraki,Leek,2021-05-03,16,4,2,1
97674,20210506,23656,70.5,Each_Tochigi_Ibaraki,Leek,2021-05-06,16,4,5,4
97675,20210507,11990,54.0,Each_Tochigi_Ibaraki,Leek,2021-05-07,16,4,6,0
97676,20210508,13557,65.0,Each_Tochigi_Ibaraki,Leek,2021-05-08,16,4,7,2
97677,20210510,17321,43.0,Each_Tochigi_Ibaraki,Leek,2021-05-10,16,4,9,1
97678,20210511,12500,43.0,Each_Tochigi_Ibaraki,Leek,2021-05-11,16,4,10,5
97679,20210513,18567,54.0,Each_Tochigi_Ibaraki,Leek,2021-05-13,16,4,12,4
97680,20210514,13938,65.0,Each_Tochigi_Ibaraki,Leek,2021-05-14,16,4,13,0
97681,20210515,14067,54.0,Each_Tochigi_Ibaraki,Leek,2021-05-15,16,4,14,2
97682,20210517,16398,54.0,Each_Tochigi_Ibaraki,Leek,2021-05-17,16,4,16,1
97683,20210518,11695,32.0,Each_Tochigi_Ibaraki,Leek,2021-05-18,16,4,17,5
97684,20210520,19686,32.0,Each_Tochigi_Ibaraki,Leek,2021-05-20,16,4,19,4
97685,20210521,15164,54.0,Each_Tochigi_Ibaraki,Leek,2021-05-21,16,4,20,0
97686,20210522,15757,43.0,Each_Tochigi_Ibaraki,Leek,2021-05-22,16,4,21,2
97687,20210524,19241,43.0,Each_Tochigi_Ibaraki,Leek,2021-05-24,16,4,23,1
97688,20210525,13445,54.0,Each_Tochigi_Ibaraki,Leek,2021-05-25,16,4,24,5
97689,20210527,16393,35.0,Each_Tochigi_Ibaraki,Leek,2021-05-27,16,4,26,4
97690,20210528,12082,43.0,Each_Tochigi_Ibaraki,Leek,2021-05-28,16,4,27,0
97691,20210529,13246,65.0,Each_Tochigi_Ibaraki,Leek,2021-05-29,16,4,28,2
97692,20210531,12993,54.0,Each_Tochigi_Ibaraki,Leek,2021-05-31,16,4,30,1
