,date,amount,mode_price,area,kind,timestamp,year,month,day,weekday
94411,20100701,5713,116.0,Each_Okinawa_Kagoshima,Okra,2010-07-01,5,6,0,4
94412,20100702,7150,116.0,Each_Okinawa_Kagoshima,Okra,2010-07-02,5,6,1,0
94413,20100703,7465,116.0,Each_Okinawa_Kagoshima,Okra,2010-07-03,5,6,2,2
94414,20100705,7181,116.0,Each_Okinawa_Kagoshima,Okra,2010-07-05,5,6,4,1
94415,20100706,5647,116.0,Each_Okinawa_Kagoshima,Okra,2010-07-06,5,6,5,5
94416,20100708,6923,116.0,Each_Okinawa_Kagoshima,Okra,2010-07-08,5,6,7,4
94417,20100709,5909,116.0,Each_Okinawa_Kagoshima,Okra,2010-07-09,5,6,8,0
94418,20100710,7995,116.0,Each_Okinawa_Kagoshima,Okra,2010-07-10,5,6,9,2
94419,20100712,8567,116.0,Each_Okinawa_Kagoshima,Okra,2010-07-12,5,6,11,1
94420,20100713,6740,105.0,Each_Okinawa_Kagoshima,Okra,2010-07-13,5,6,12,5
94421,20100715,10832,95.0,Each_Okinawa_Kagoshima,Okra,2010-07-15,5,6,14,4
94422,20100716,8250,95.0,Each_Okinawa_Kagoshima,Okra,2010-07-16,5,6,15,0
94423,20100717,9608,84.0,Each_Okinawa_Kagoshima,Okra,2010-07-17,5,6,16,2
94424,20100720,15517,74.0,Each_Okinawa_Kagoshima,Okra,2010-07-20,5,6,19,5
94425,20100721,9076,74.0,Each_Okinawa_Kagoshima,Okra,2010-07-21,5,6,20,6
94426,20100722,7541,74.0,Each_Okinawa_Kagoshima,Okra,2010-07-22,5,6,21,4
94427,20100723,8606,74.0,Each_Okinawa_Kagoshima,Okra,2010-07-23,5,6,22,0
94428,20100724,9300,74.0,Each_Okinawa_Kagoshima,Okra,2010-07-24,5,6,23,2
94429,20100726,11835,74.0,Each_Okinawa_Kagoshima,Okra,2010-07-26,5,6,25,1
94430,20100727,10323,84.0,Each_Okinawa_Kagoshima,Okra,2010-07-27,5,6,26,5
94431,20100729,15092,84.0,Each_Okinawa_Kagoshima,Okra,2010-07-29,5,6,28,4
94432,20100730,10838,84.0,Each_Okinawa_Kagoshima,Okra,2010-07-30,5,6,29,0
94433,20100731,12323,74.0,Each_Okinawa_Kagoshima,Okra,2010-07-31,5,6,30,2
94434,20110701,6078,105.0,Each_Okinawa_Kagoshima,Okra,2011-07-01,6,6,0,0
94435,20110702,7561,105.0,Each_Okinawa_Kagoshima,Okra,2011-07-02,6,6,1,2
94436,20110704,8461,105.0,Each_Okinawa_Kagoshima,Okra,2011-07-04,6,6,3,1
94437,20110705,9257,105.0,Each_Okinawa_Kagoshima,Okra,2011-07-05,6,6,4,5
94438,20110707,12993,105.0,Each_Okinawa_Kagoshima,Okra,2011-07-07,6,6,6,4
94439,20110708,9805,105.0,Each_Okinawa_Kagoshima,Okra,2011-07-08,6,6,7,0
94440,20110709,11365,105.0,Each_Okinawa_Kagoshima,Okra,2011-07-09,6,6,8,2
94441,20110711,16077,105.0,Each_Okinawa_Kagoshima,Okra,2011-07-11,6,6,10,1
94442,20110712,11175,105.0,Each_Okinawa_Kagoshima,Okra,2011-07-12,6,6,11,5
94443,20110714,13021,95.0,Each_Okinawa_Kagoshima,Okra,2011-07-14,6,6,13,4
94444,20110715,8738,95.0,Each_Okinawa_Kagoshima,Okra,2011-07-15,6,6,14,0
94445,20110716,11967,95.0,Each_Okinawa_Kagoshima,Okra,2011-07-16,6,6,15,2
94446,20110719,17213,95.0,Each_Okinawa_Kagoshima,Okra,2011-07-19,6,6,18,5
94447,20110720,10979,95.0,Each_Okinawa_Kagoshima,Okra,2011-07-20,6,6,19,6
94448,20110721,8298,95.0,Each_Okinawa_Kagoshima,Okra,2011-07-21,6,6,20,4
94449,20110722,7982,95.0,Each_Okinawa_Kagoshima,Okra,2011-07-22,6,6,21,0
94450,20110723,7591,95.0,Each_Okinawa_Kagoshima,Okra,2011-07-23,6,6,22,2
94451,20110725,9589,95.0,Each_Okinawa_Kagoshima,Okra,2011-07-25,6,6,24,1
94452,20110726,8026,105.0,Each_Okinawa_Kagoshima,Okra,2011-07-26,6,6,25,5
94453,20110728,12713,95.0,Each_Okinawa_Kagoshima,Okra,2011-07-28,6,6,27,4
94454,20110729,10339,95.0,Each_Okinawa_Kagoshima,Okra,2011-07-29,6,6,28,0
94455,20110730,10033,95.0,Each_Okinawa_Kagoshima,Okra,2011-07-30,6,6,29,2
94456,20120702,8494,116.0,Each_Kouchi_Kagoshima,Okra,2012-07-02,7,6,1,1
94457,20120703,6995,116.0,Each_Kouchi_Kagoshima,Okra,2012-07-03,7,6,2,5
94458,20120704,6029,105.0,Each_Kouchi_Kagoshima,Okra,2012-07-04,7,6,3,6
94459,20120705,6410,105.0,Each_Kouchi_Kagoshima,Okra,2012-07-05,7,6,4,4
94460,20120706,7927,121.0,Each_Kouchi_Kagoshima,Okra,2012-07-06,7,6,5,0
94461,20120707,9461,95.0,Each_Kouchi_Kagoshima,Okra,2012-07-07,7,6,6,2
94462,20120709,13692,100.0,Each_Kouchi_Kagoshima,Okra,2012-07-09,7,6,8,1
94463,20120710,10084,84.0,Each_Kouchi_Kagoshima,Okra,2012-07-10,7,6,9,5
94464,20120712,14851,84.0,Each_Kouchi_Kagoshima,Okra,2012-07-12,7,6,11,4
94465,20120713,8740,84.0,Each_Kouchi_Kagoshima,Okra,2012-07-13,7,6,12,0
94466,20120714,9681,74.0,Each_Kouchi_Kagoshima,Okra,2012-07-14,7,6,13,2
94467,20120717,16453,84.0,Each_Kouchi_Kagoshima,Okra,2012-07-17,7,6,16,5
94468,20120718,13232,74.0,Each_Kouchi_Kagoshima,Okra,2012-07-18,7,6,17,6
94469,20120719,10844,74.0,Each_Kouchi_Kagoshima,Okra,2012-07-19,7,6,18,4
94470,20120720,12239,74.0,Each_Kouchi_Kagoshima,Okra,2012-07-20,7,6,19,0
94471,20120721,15227,74.0,Each_Kouchi_Kagoshima,Okra,2012-07-21,7,6,20,2
94472,20120723,16981,84.0,Each_Kouchi_Kagoshima,Okra,2012-07-23,7,6,22,1
94473,20120724,11378,74.0,Each_Kouchi_Kagoshima,Okra,2012-07-24,7,6,23,5
94474,20120726,19329,84.0,Each_Kouchi_Kagoshima,Okra,2012-07-26,7,6,25,4
94475,20120727,12593,74.0,Each_Kouchi_Kagoshima,Okra,2012-07-27,7,6,26,0
94476,20120728,14811,74.0,Each_Kouchi_Kagoshima,Okra,2012-07-28,7,6,27,2
94477,20120730,17987,74.0,Each_Kouchi_Kagoshima,Okra,2012-07-30,7,6,29,1
94478,20120731,13759,74.0,Each_Kouchi_Kagoshima,Okra,2012-07-31,7,6,30,5
94479,20130701,9207,116.0,Each_Kouchi_Kagoshima,Okra,2013-07-01,8,6,0,1
94480,20130702,6316,189.0,Each_Kouchi_Kagoshima,Okra,2013-07-02,8,6,1,5
94481,20130703,5874,137.0,Each_Kouchi_Kagoshima,Okra,2013-07-03,8,6,2,6
94482,20130704,6406,137.0,Each_Kouchi_Kagoshima,Okra,2013-07-04,8,6,3,4
94483,20130705,7510,147.0,Each_Kouchi_Kagoshima,Okra,2013-07-05,8,6,4,0
94484,20130706,9633,126.0,Each_Kouchi_Kagoshima,Okra,2013-07-06,8,6,5,2
94485,20130708,13518,179.0,Each_Kouchi_Kagoshima,Okra,2013-07-08,8,6,7,1
94486,20130709,11769,105.0,Each_Kouchi_Kagoshima,Okra,2013-07-09,8,6,8,5
94487,20130711,18319,84.0,Each_Kouchi_Kagoshima,Okra,2013-07-11,8,6,10,4
94488,20130712,11443,84.0,Each_Kouchi_Kagoshima,Okra,2013-07-12,8,6,11,0
94489,20130713,12493,84.0,Each_Kouchi_Kagoshima,Okra,2013-07-13,8,6,12,2
94490,20130716,22740,105.0,Each_Kouchi_Kagoshima,Okra,2013-07-16,8,6,15,5
94491,20130717,12405,74.0,Each_Kouchi_Kagoshima,Okra,2013-07-17,8,6,16,6
94492,20130718,11940,74.0,Each_Kouchi_Kagoshima,Okra,2013-07-18,8,6,17,4
94493,20130719,10658,84.0,Each_Kouchi_Kagoshima,Okra,2013-07-19,8,6,18,0
94494,20130720,14366,84.0,Each_Kouchi_Kagoshima,Okra,2013-07-20,8,6,19,2
94495,20130722,15695,105.0,Each_Kouchi_Kagoshima,Okra,2013-07-22,8,6,21,1
94496,20130723,13681,84.0,Each_Kouchi_Kagoshima,Okra,2013-07-23,8,6,22,5
94497,20130725,24071,105.0,Each_Kouchi_Kagoshima,Okra,2013-07-25,8,6,24,4
94498,20130726,14170,74.0,Each_Kouchi_Kagoshima,Okra,2013-07-26,8,6,25,0
94499,20130727,15581,63.0,Each_Kouchi_Kagoshima,Okra,2013-07-27,8,6,26,2
94500,20130729,21814,63.0,Each_Kouchi_Kagoshima,Okra,2013-07-29,8,6,28,1
94501,20130730,13454,63.0,Each_Kouchi_Kagoshima,Okra,2013-07-30,8,6,29,5
94502,20130731,11535,53.0,Each_Kouchi_Kagoshima,Okra,2013-07-31,8,6,30,6
94503,20140701,6789,97.0,Each_Kouchi_Kagoshima,Okra,2014-07-01,9,6,0,5
94504,20140702,7403,108.0,Each_Kouchi_Kagoshima,Okra,2014-07-02,9,6,1,6
94505,20140703,7345,108.0,Each_Kouchi_Kagoshima,Okra,2014-07-03,9,6,2,4
94506,20140704,8413,108.0,Each_Kouchi_Kagoshima,Okra,2014-07-04,9,6,3,0
94507,20140705,10727,108.0,Each_Kouchi_Kagoshima,Okra,2014-07-05,9,6,4,2
94508,20140707,12979,119.0,Each_Kouchi_Kagoshima,Okra,2014-07-07,9,6,6,1
94509,20140708,11538,119.0,Each_Kouchi_Kagoshima,Okra,2014-07-08,9,6,7,5
94510,20140710,13961,119.0,Each_Kouchi_Kagoshima,Okra,2014-07-10,9,6,9,4
94511,20140711,10289,108.0,Each_Kouchi_Kagoshima,Okra,2014-07-11,9,6,10,0
94512,20140712,7102,102.5,Each_Kouchi,Okra,2014-07-12,9,6,11,2
94513,20140714,12169,86.0,Each_Kouchi_Kagoshima,Okra,2014-07-14,9,6,13,1
94514,20140715,7027,97.0,Each_Kouchi_Kagoshima,Okra,2014-07-15,9,6,14,5
94515,20140716,6399,97.0,Each_Kouchi_Kagoshima,Okra,2014-07-16,9,6,15,6
94516,20140717,5940,97.0,Each_Kouchi_Kagoshima,Okra,2014-07-17,9,6,16,4
94517,20140718,6817,130.0,Each_Kouchi_Kagoshima,Okra,2014-07-18,9,6,17,0
94518,20140719,9947,97.0,Each_Kouchi_Kagoshima,Okra,2014-07-19,9,6,18,2
94519,20140722,21239,130.0,Each_Kouchi_Kagoshima,Okra,2014-07-22,9,6,21,5
94520,20140723,9285,130.0,Each_Kouchi_Kagoshima,Okra,2014-07-23,9,6,22,6
94521,20140724,8918,130.0,Each_Kouchi_Kagoshima,Okra,2014-07-24,9,6,23,4
94522,20140725,10655,86.0,Each_Kouchi_Kagoshima,Okra,2014-07-25,9,6,24,0
94523,20140726,13978,86.0,Each_Kouchi_Kagoshima,Okra,2014-07-26,9,6,25,2
94524,20140728,19924,108.0,Each_Kouchi_Kagoshima,Okra,2014-07-28,9,6,27,1
94525,20140729,15364,76.0,Each_Kouchi_Kagoshima,Okra,2014-07-29,9,6,28,5
94526,20140731,16424,119.0,Each_Kouchi_Kagoshima,Okra,2014-07-31,9,6,30,4
94527,20150701,4898,140.5,Kouchi_Kagoshima,Okra,2015-07-01,10,6,0,6
94528,20150702,5034,140.0,Each_Kouchi_Kagoshima,Okra,2015-07-02,10,6,1,4
94529,20150703,6769,140.0,Each_Kouchi_Kagoshima,Okra,2015-07-03,10,6,2,0
94530,20150704,6633,140.0,Each_Kouchi_Kagoshima,Okra,2015-07-04,10,6,3,2
94531,20150706,7702,130.0,Each_Kouchi_Kagoshima,Okra,2015-07-06,10,6,5,1
94532,20150707,5855,151.0,Each_Kouchi_Kagoshima,Okra,2015-07-07,10,6,6,5
94533,20150709,11607,173.0,Each_Kouchi_Kagoshima,Okra,2015-07-09,10,6,8,4
94534,20150710,6322,130.0,Each_Kouchi_Kagoshima,Okra,2015-07-10,10,6,9,0
94535,20150711,7947,130.0,Each_Kouchi_Kagoshima,Okra,2015-07-11,10,6,10,2
94536,20150713,14569,108.0,Each_Kouchi_Kagoshima,Okra,2015-07-13,10,6,12,1
94537,20150714,9931,97.0,Each_Kouchi_Kagoshima,Okra,2015-07-14,10,6,13,5
94538,20150715,8422,97.0,Each_Kouchi_Kagoshima,Okra,2015-07-15,10,6,14,6
94539,20150716,8029,97.0,Each_Kouchi_Kagoshima,Okra,2015-07-16,10,6,15,4
94540,20150717,6809,108.0,Each_Kouchi_Kagoshima,Okra,2015-07-17,10,6,16,0
94541,20150718,8838,119.0,Each_Kouchi_Kagoshima,Okra,2015-07-18,10,6,17,2
94542,20150721,19430,97.0,Each_Kouchi_Kagoshima,Okra,2015-07-21,10,6,20,5
94543,20150722,10077,86.0,Each_Kouchi_Kagoshima,Okra,2015-07-22,10,6,21,6
94544,20150723,10160,86.0,Each_Kouchi_Kagoshima,Okra,2015-07-23,10,6,22,4
94545,20150724,9772,76.0,Each_Kouchi_Kagoshima,Okra,2015-07-24,10,6,23,0
94546,20150725,11269,86.0,Each_Kouchi_Kagoshima,Okra,2015-07-25,10,6,24,2
94547,20150727,16964,76.0,Each_Kouchi_Kagoshima,Okra,2015-07-27,10,6,26,1
94548,20150728,13851,76.0,Each_Kouchi_Kagoshima,Okra,2015-07-28,10,6,27,5
94549,20150730,17098,97.0,Each_Kouchi_Kagoshima,Okra,2015-07-30,10,6,29,4
94550,20150731,10256,76.0,Each_Kouchi_Kagoshima,Okra,2015-07-31,10,6,30,0
94551,20160701,9015,76.0,Each,Okra,2016-07-01,11,6,0,0
94552,20160702,9795,86.0,Each,Okra,2016-07-02,11,6,1,2
94553,20160704,11513,86.0,Each,Okra,2016-07-04,11,6,3,1
94554,20160705,8090,86.0,Each,Okra,2016-07-05,11,6,4,5
94555,20160706,9816,86.0,Each,Okra,2016-07-06,11,6,5,6
94556,20160707,12947,86.0,Each,Okra,2016-07-07,11,6,6,4
94557,20160708,12359,86.0,Each,Okra,2016-07-08,11,6,7,0
94558,20160709,12933,86.0,Each,Okra,2016-07-09,11,6,8,2
94559,20160711,13315,86.0,Each,Okra,2016-07-11,11,6,10,1
94560,20160712,10044,86.0,Each,Okra,2016-07-12,11,6,11,5
94561,20160714,12719,86.0,Each,Okra,2016-07-14,11,6,13,4
94562,20160715,12432,86.0,Each,Okra,2016-07-15,11,6,14,0
94563,20160716,12556,86.0,Each,Okra,2016-07-16,11,6,15,2
94564,20160719,16699,86.0,Each,Okra,2016-07-19,11,6,18,5
94565,20160720,10757,76.0,Each,Okra,2016-07-20,11,6,19,6
94566,20160721,9721,76.0,Each,Okra,2016-07-21,11,6,20,4
94567,20160722,11936,65.0,Each,Okra,2016-07-22,11,6,21,0
94568,20160723,11321,76.0,Each,Okra,2016-07-23,11,6,22,2
94569,20160725,16332,65.0,Each,Okra,2016-07-25,11,6,24,1
94570,20160726,14565,76.0,Each,Okra,2016-07-26,11,6,25,5
94571,20160728,17505,65.0,Each,Okra,2016-07-28,11,6,27,4
94572,20160729,13158,65.0,Each,Okra,2016-07-29,11,6,28,0
94573,20160730,15179,65.0,Each,Okra,2016-07-30,11,6,29,2
94574,20160801,18018,65.0,Each,Okra,2016-08-01,11,7,0,1
94575,20160802,16106,65.0,Each,Okra,2016-08-02,11,7,1,5
94576,20160803,15740,65.0,Each,Okra,2016-08-03,11,7,2,6
94577,20160804,16457,54.0,Each,Okra,2016-08-04,11,7,3,4
94578,20160805,16558,54.0,Each,Okra,2016-08-05,11,7,4,0
94579,20160806,17816,43.0,Each,Okra,2016-08-06,11,7,5,2
94580,20160808,24616,54.0,Each,Okra,2016-08-08,11,7,7,1
94581,20160809,17239,54.0,Each,Okra,2016-08-09,11,7,8,5
94582,20160810,17137,43.0,Each,Okra,2016-08-10,11,7,9,6
94583,20160812,18220,43.0,Each,Okra,2016-08-12,11,7,11,0
94584,20160813,15085,54.0,Each,Okra,2016-08-13,11,7,12,2
94585,20160817,17841,54.0,Each,Okra,2016-08-17,11,7,16,6
94586,20160818,11517,43.0,Each,Okra,2016-08-18,11,7,17,4
94587,20160819,12604,54.0,Each,Okra,2016-08-19,11,7,18,0
94588,20160820,12367,54.0,Each,Okra,2016-08-20,11,7,19,2
94589,20160822,15352,54.0,Each,Okra,2016-08-22,11,7,21,1
94590,20160823,11296,54.0,Each,Okra,2016-08-23,11,7,22,5
94591,20160825,17639,54.0,Each,Okra,2016-08-25,11,7,24,4
94592,20160826,12933,54.0,Each,Okra,2016-08-26,11,7,25,0
94593,20160827,13180,54.0,Each,Okra,2016-08-27,11,7,26,2
94594,20160829,13640,65.0,Each,Okra,2016-08-29,11,7,28,1
94595,20160830,9732,65.0,Each,Okra,2016-08-30,11,7,29,5
94596,20160831,7995,65.0,Each,Okra,2016-08-31,11,7,30,6
94597,20170701,12523,65.0,Each,Okra,2017-07-01,12,6,0,2
94598,20170703,17508,76.0,Each,Okra,2017-07-03,12,6,2,1
94599,20170704,14918,76.0,Each,Okra,2017-07-04,12,6,3,5
94600,20170706,15863,76.0,Each,Okra,2017-07-06,12,6,5,4
94601,20170707,11770,76.0,Each,Okra,2017-07-07,12,6,6,0
94602,20170708,12510,76.0,Each,Okra,2017-07-08,12,6,7,2
94603,20170710,12332,76.0,Each,Okra,2017-07-10,12,6,9,1
94604,20170711,10027,76.0,Each,Okra,2017-07-11,12,6,10,5
94605,20170712,9489,76.0,Each,Okra,2017-07-12,12,6,11,6
94606,20170713,9925,76.0,Each,Okra,2017-07-13,12,6,12,4
94607,20170714,15098,76.0,Each,Okra,2017-07-14,12,6,13,0
94608,20170715,18901,76.0,Each,Okra,2017-07-15,12,6,14,2
94609,20170718,24658,54.0,Each,Okra,2017-07-18,12,6,17,5
94610,20170719,14738,65.0,Each,Okra,2017-07-19,12,6,18,6
94611,20170720,14675,54.0,Each,Okra,2017-07-20,12,6,19,4
94612,20170721,13420,54.0,Each,Okra,2017-07-21,12,6,20,0
94613,20170722,14850,54.0,Each,Okra,2017-07-22,12,6,21,2
94614,20170724,21254,54.0,Each,Okra,2017-07-24,12,6,23,1
94615,20170725,17546,65.0,Each,Okra,2017-07-25,12,6,24,5
94616,20170727,23347,43.0,Each,Okra,2017-07-27,12,6,26,4
94617,20170728,16382,97.0,Each,Okra,2017-07-28,12,6,27,0
94618,20170729,18403,43.0,Each,Okra,2017-07-29,12,6,28,2
94619,20170731,21488,43.0,Each,Okra,2017-07-31,12,6,30,1
94620,20170801,14700,64.5,Each,Okra,2017-08-01,12,7,0,5
94621,20170802,13094,43.0,Each,Okra,2017-08-02,12,7,1,6
94622,20170803,13593,43.0,Each,Okra,2017-08-03,12,7,2,4
94623,20170804,15047,43.0,Each,Okra,2017-08-04,12,7,3,0
94624,20170805,14017,70.0,Each,Okra,2017-08-05,12,7,4,2
94625,20170807,14901,65.0,Each,Okra,2017-08-07,12,7,6,1
94626,20170808,5542,81.0,Each,Okra,2017-08-08,12,7,7,5
94627,20170809,7000,65.0,Each,Okra,2017-08-09,12,7,8,6
94628,20170810,6251,76.0,Each,Okra,2017-08-10,12,7,9,4
94629,20170812,9880,76.0,Each,Okra,2017-08-12,12,7,11,2
94630,20170816,11275,76.0,Each,Okra,2017-08-16,12,7,15,6
94631,20170817,6212,76.0,Each,Okra,2017-08-17,12,7,16,4
94632,20170818,6437,76.0,Each,Okra,2017-08-18,12,7,17,0
94633,20170819,6921,76.0,Each,Okra,2017-08-19,12,7,18,2
94634,20170821,10669,76.0,Each,Okra,2017-08-21,12,7,20,1
94635,20170822,8052,76.0,Each,Okra,2017-08-22,12,7,21,5
94636,20170824,9765,76.0,Each,Okra,2017-08-24,12,7,23,4
94637,20170825,7401,76.0,Each,Okra,2017-08-25,12,7,24,0
94638,20170826,8638,76.0,Each,Okra,2017-08-26,12,7,25,2
94639,20170828,9536,76.0,Each,Okra,2017-08-28,12,7,27,1
94640,20170829,6203,76.0,Each,Okra,2017-08-29,12,7,28,5
94641,20170831,9024,65.0,Each,Okra,2017-08-31,12,7,30,4
94642,20180702,14709,86.0,Each,Okra,2018-07-02,13,6,1,1
94643,20180703,11652,86.0,Each,Okra,2018-07-03,13,6,2,5
94644,20180705,12944,86.0,Each,Okra,2018-07-05,13,6,4,4
94645,20180706,10562,97.0,Each,Okra,2018-07-06,13,6,5,0
94646,20180707,9849,97.0,Each,Okra,2018-07-07,13,6,6,2
94647,20180709,9843,108.0,Each,Okra,2018-07-09,13,6,8,1
94648,20180710,10017,97.0,Each,Okra,2018-07-10,13,6,9,5
94649,20180711,4481,108.0,Each,Okra,2018-07-11,13,6,10,6
94650,20180712,7298,97.0,Each,Okra,2018-07-12,13,6,11,4
94651,20180713,6624,97.0,Each,Okra,2018-07-13,13,6,12,0
94652,20180714,10523,108.0,Each,Okra,2018-07-14,13,6,13,2
94653,20180717,14306,108.0,Each,Okra,2018-07-17,13,6,16,5
94654,20180718,7308,119.0,Each,Okra,2018-07-18,13,6,17,6
94655,20180719,7428,119.0,Each,Okra,2018-07-19,13,6,18,4
94656,20180720,8075,130.0,Each,Okra,2018-07-20,13,6,19,0
94657,20180721,11029,140.0,Each,Okra,2018-07-21,13,6,20,2
94658,20180723,11622,119.0,Each,Okra,2018-07-23,13,6,22,1
94659,20180724,11149,130.0,Each,Okra,2018-07-24,13,6,23,5
94660,20180726,14696,130.0,Each,Okra,2018-07-26,13,6,25,4
94661,20180727,10945,119.0,Each,Okra,2018-07-27,13,6,26,0
94662,20180728,12072,108.0,Each,Okra,2018-07-28,13,6,27,2
94663,20180730,14297,97.0,Each,Okra,2018-07-30,13,6,29,1
94664,20180731,11648,86.0,Each,Okra,2018-07-31,13,6,30,5
94665,20180801,6616,97.0,Each,Okra,2018-08-01,13,7,0,6
94666,20180802,8204,97.0,Each,Okra,2018-08-02,13,7,1,4
94667,20180803,9049,86.0,Each,Okra,2018-08-03,13,7,2,0
94668,20180804,9805,86.0,Each,Okra,2018-08-04,13,7,3,2
94669,20180806,15246,86.0,Each,Okra,2018-08-06,13,7,5,1
94670,20180807,14141,86.0,Each,Okra,2018-08-07,13,7,6,5
94671,20180808,11977,86.0,Each,Okra,2018-08-08,13,7,7,6
94672,20180809,13155,76.0,Each,Okra,2018-08-09,13,7,8,4
94673,20180810,11895,76.0,Each,Okra,2018-08-10,13,7,9,0
94674,20180811,11836,108.0,Each,Okra,2018-08-11,13,7,10,2
94675,20180813,13755,76.0,Each,Okra,2018-08-13,13,7,12,1
94676,20180817,16990,76.0,Each,Okra,2018-08-17,13,7,16,0
94677,20180818,11509,86.0,Each,Okra,2018-08-18,13,7,17,2
94678,20180820,13727,86.0,Each,Okra,2018-08-20,13,7,19,1
94679,20180821,7967,86.0,Each,Okra,2018-08-21,13,7,20,5
94680,20180823,9382,86.0,Each,Okra,2018-08-23,13,7,22,4
94681,20180824,7118,86.0,Each,Okra,2018-08-24,13,7,23,0
94682,20180825,8679,108.0,Each,Okra,2018-08-25,13,7,24,2
94683,20180827,10102,97.0,Each,Okra,2018-08-27,13,7,26,1
94684,20180828,9154,97.0,Each,Okra,2018-08-28,13,7,27,5
94685,20180830,8213,97.0,Each,Okra,2018-08-30,13,7,29,4
94686,20180831,6452,86.0,Each,Okra,2018-08-31,13,7,30,0
94687,20190701,15752,86.0,Each,Okra,2019-07-01,14,6,0,1
94688,20190702,12750,97.0,Each,Okra,2019-07-02,14,6,1,5
94689,20190704,15469,86.0,Each,Okra,2019-07-04,14,6,3,4
94690,20190705,10763,97.0,Each,Okra,2019-07-05,14,6,4,0
94691,20190706,8351,86.0,Each,Okra,2019-07-06,14,6,5,2
94692,20190708,10547,97.0,Each,Okra,2019-07-08,14,6,7,1
94693,20190709,8569,119.0,Each,Okra,2019-07-09,14,6,8,5
94694,20190711,11439,97.0,Each,Okra,2019-07-11,14,6,10,4
94695,20190712,7935,119.0,Each,Okra,2019-07-12,14,6,11,0
94696,20190713,9900,97.0,Each,Okra,2019-07-13,14,6,12,2
94697,20190716,11367,97.0,Each,Okra,2019-07-16,14,6,15,5
94698,20190717,8915,97.0,Each,Okra,2019-07-17,14,6,16,6
94699,20190718,9364,97.0,Each,Okra,2019-07-18,14,6,17,4
94700,20190719,8431,97.0,Each,Okra,2019-07-19,14,6,18,0
94701,20190720,12249,86.0,Each,Okra,2019-07-20,14,6,19,2
94702,20190722,14763,97.0,Each,Okra,2019-07-22,14,6,21,1
94703,20190723,11172,86.0,Each,Okra,2019-07-23,14,6,22,5
94704,20190725,15082,86.0,Each,Okra,2019-07-25,14,6,24,4
94705,20190726,11658,86.0,Each,Okra,2019-07-26,14,6,25,0
94706,20190727,10996,86.0,Each,Okra,2019-07-27,14,6,26,2
94707,20190729,9277,86.0,Each,Okra,2019-07-29,14,6,28,1
94708,20190730,10995,86.0,Each,Okra,2019-07-30,14,6,29,5
94709,20190801,16122,86.0,Each,Okra,2019-08-01,14,7,0,4
94710,20190802,11073,86.0,Each,Okra,2019-08-02,14,7,1,0
94711,20190803,12555,86.0,Each,Okra,2019-08-03,14,7,2,2
94712,20190805,17282,76.0,Each,Okra,2019-08-05,14,7,4,1
94713,20190806,15675,76.0,Each,Okra,2019-08-06,14,7,5,5
94714,20190808,16670,76.0,Each,Okra,2019-08-08,14,7,7,4
94715,20190809,15452,76.0,Each,Okra,2019-08-09,14,7,8,0
94716,20190810,15956,76.0,Each,Okra,2019-08-10,14,7,9,2
94717,20190812,22165,54.0,Each,Okra,2019-08-12,14,7,11,1
94718,20190813,17800,65.0,Each,Okra,2019-08-13,14,7,12,5
94719,20190817,17729,54.0,Each,Okra,2019-08-17,14,7,16,2
94720,20190819,9213,76.0,Each,Okra,2019-08-19,14,7,18,1
94721,20190820,10067,76.0,Each,Okra,2019-08-20,14,7,19,5
94722,20190822,10403,86.0,Each,Okra,2019-08-22,14,7,21,4
94723,20190823,7353,86.0,Each,Okra,2019-08-23,14,7,22,0
94724,20190824,6807,86.0,Each,Okra,2019-08-24,14,7,23,2
94725,20190826,8968,86.0,Each,Okra,2019-08-26,14,7,25,1
94726,20190827,7883,86.0,Each,Okra,2019-08-27,14,7,26,5
94727,20190829,6243,97.0,Each,Okra,2019-08-29,14,7,28,4
94728,20190830,4552,97.0,Each,Okra,2019-08-30,14,7,29,0
94729,20190831,7438,97.0,Each,Okra,2019-08-31,14,7,30,2
94730,20200702,15766,97.0,Each,Okra,2020-07-02,15,6,1,4
94731,20200703,8681,108.0,Each,Okra,2020-07-03,15,6,2,0
94732,20200704,9945,97.0,Each,Okra,2020-07-04,15,6,3,2
94733,20200706,13148,108.0,Each,Okra,2020-07-06,15,6,5,1
94734,20200707,8048,119.0,Each,Okra,2020-07-07,15,6,6,5
94735,20200709,14868,108.0,Each,Okra,2020-07-09,15,6,8,4
94736,20200710,8407,108.0,Each,Okra,2020-07-10,15,6,9,0
94737,20200711,8691,108.0,Each,Okra,2020-07-11,15,6,10,2
94738,20200713,12996,97.0,Each,Okra,2020-07-13,15,6,12,1
94739,20200714,8352,108.0,Each,Okra,2020-07-14,15,6,13,5
94740,20200716,10451,97.0,Each,Okra,2020-07-16,15,6,15,4
94741,20200717,5442,97.0,Each,Okra,2020-07-17,15,6,16,0
94742,20200718,6577,97.0,Each,Okra,2020-07-18,15,6,17,2
94743,20200720,11362,97.0,Each,Okra,2020-07-20,15,6,19,1
94744,20200721,7716,108.0,Each,Okra,2020-07-21,15,6,20,5
94745,20200722,8792,108.0,Each,Okra,2020-07-22,15,6,21,6
94746,20200724,17424,108.0,Each,Okra,2020-07-24,15,6,23,0
94747,20200725,12944,97.0,Each,Okra,2020-07-25,15,6,24,2
94748,20200727,19359,108.0,Each,Okra,2020-07-27,15,6,26,1
94749,20200728,9164,97.0,Each,Okra,2020-07-28,15,6,27,5
94750,20200730,14499,108.0,Each,Okra,2020-07-30,15,6,29,4
94751,20200731,9359,97.0,Each,Okra,2020-07-31,15,6,30,0
94752,20200801,13015,97.0,Each,Okra,2020-08-01,15,7,0,2
94753,20200803,21670,86.0,Each,Okra,2020-08-03,15,7,2,1
94754,20200804,14409,86.0,Each,Okra,2020-08-04,15,7,3,5
94755,20200806,20586,86.0,Each,Okra,2020-08-06,15,7,5,4
94756,20200807,11382,86.0,Each,Okra,2020-08-07,15,7,6,0
94757,20200808,15598,86.0,Each,Okra,2020-08-08,15,7,7,2
94758,20200811,36120,76.0,Each,Okra,2020-08-11,15,7,10,5
94759,20200812,16661,76.0,Each,Okra,2020-08-12,15,7,11,6
94760,20200813,18094,76.0,Each,Okra,2020-08-13,15,7,12,4
94761,20200817,36421,65.0,Each,Okra,2020-08-17,15,7,16,1
94762,20200818,11504,65.0,Each,Okra,2020-08-18,15,7,17,5
94763,20200820,20149,65.0,Each,Okra,2020-08-20,15,7,19,4
94764,20200821,10919,65.0,Each,Okra,2020-08-21,15,7,20,0
94765,20200822,12186,65.0,Each,Okra,2020-08-22,15,7,21,2
94766,20200824,14275,65.0,Each,Okra,2020-08-24,15,7,23,1
94767,20200825,10070,65.0,Each,Okra,2020-08-25,15,7,24,5
94768,20200827,14985,76.0,Each,Okra,2020-08-27,15,7,26,4
94769,20200828,9483,76.0,Each,Okra,2020-08-28,15,7,27,0
94770,20200829,8022,76.0,Each,Okra,2020-08-29,15,7,28,2
94771,20200831,10749,76.0,Each,Okra,2020-08-31,15,7,30,1
